-- Generated by Craft v2.6.2788 on Jul 27, 2016, 4:01:33 PM.

--
-- Disable foreign key checks and autocommit.
--

SET FOREIGN_KEY_CHECKS = 0;
SET SQL_MODE = "NO_AUTO_VALUE_ON_ZERO";
SET AUTOCOMMIT = 0;
SET NAMES utf8;


DROP TABLE IF EXISTS `craft_assetfiles`;


--
-- Schema for table `craft_assetfiles`
--
CREATE TABLE `craft_assetfiles` (
  `id` int(11) NOT NULL,
  `sourceId` int(11) DEFAULT NULL,
  `folderId` int(11) NOT NULL,
  `filename` varchar(255) COLLATE utf8_unicode_ci NOT NULL,
  `kind` varchar(50) COLLATE utf8_unicode_ci NOT NULL DEFAULT 'unknown',
  `width` int(11) unsigned DEFAULT NULL,
  `height` int(11) unsigned DEFAULT NULL,
  `size` bigint(20) unsigned DEFAULT NULL,
  `dateModified` datetime DEFAULT NULL,
  `dateCreated` datetime NOT NULL,
  `dateUpdated` datetime NOT NULL,
  `uid` char(36) COLLATE utf8_unicode_ci NOT NULL DEFAULT '0',
  PRIMARY KEY (`id`),
  UNIQUE KEY `craft_assetfiles_filename_folderId_unq_idx` (`filename`,`folderId`),
  KEY `craft_assetfiles_sourceId_fk` (`sourceId`),
  KEY `craft_assetfiles_folderId_fk` (`folderId`)
) ENGINE=InnoDB DEFAULT CHARSET=utf8 COLLATE=utf8_unicode_ci;

--
-- Data for table `craft_assetfiles`
--

INSERT INTO `craft_assetfiles` (`id`, `sourceId`, `folderId`, `filename`, `kind`, `width`, `height`, `size`, `dateModified`, `dateCreated`, `dateUpdated`, `uid`) VALUES
 ('15', '2', '2', 'profile.jpg', 'image', '270', '270', '70709', '2016-06-02 23:24:54', '2016-05-26 23:07:48', '2016-06-02 23:24:56', '350e1caa-63a5-4cf3-85ec-8140e834195c'),
 ('16', '2', '2', 'X6uskgxqr6.gif', 'image', '650', '500', '62746', '2016-05-27 00:25:25', '2016-05-27 00:25:25', '2016-05-27 00:25:25', '4b660d2e-6026-4a4d-ba44-9eb8bbdae93a'),
 ('20', '2', '2', 'zObiYH3amI-1.gif', 'image', '650', '500', '322043', '2016-05-29 22:47:58', '2016-05-29 22:47:58', '2016-05-29 22:47:58', '34ea1ba6-8186-400e-96c1-478c966ee5bf'),
 ('28', '2', '2', 'image.jpg', 'image', '560', '560', '284217', '2016-06-02 23:22:41', '2016-06-02 23:22:41', '2016-06-02 23:22:41', '99574dcc-4a2a-4461-9f3e-2d70bfe09b59');



DROP TABLE IF EXISTS `craft_assetfolders`;


--
-- Schema for table `craft_assetfolders`
--
CREATE TABLE `craft_assetfolders` (
  `id` int(11) NOT NULL AUTO_INCREMENT,
  `parentId` int(11) DEFAULT NULL,
  `sourceId` int(11) DEFAULT NULL,
  `name` varchar(255) COLLATE utf8_unicode_ci NOT NULL,
  `path` varchar(255) COLLATE utf8_unicode_ci DEFAULT NULL,
  `dateCreated` datetime NOT NULL,
  `dateUpdated` datetime NOT NULL,
  `uid` char(36) COLLATE utf8_unicode_ci NOT NULL DEFAULT '0',
  PRIMARY KEY (`id`),
  UNIQUE KEY `craft_assetfolders_name_parentId_sourceId_unq_idx` (`name`,`parentId`,`sourceId`),
  KEY `craft_assetfolders_parentId_fk` (`parentId`),
  KEY `craft_assetfolders_sourceId_fk` (`sourceId`)
) ENGINE=InnoDB AUTO_INCREMENT=4 DEFAULT CHARSET=utf8 COLLATE=utf8_unicode_ci;

--
-- Data for table `craft_assetfolders`
--

INSERT INTO `craft_assetfolders` (`id`, `parentId`, `sourceId`, `name`, `path`, `dateCreated`, `dateUpdated`, `uid`) VALUES
 ('2', NULL, '2', 'Uploads', '', '2016-05-26 22:58:26', '2016-05-26 22:58:26', 'f68260cd-2773-4913-8dcd-cc847b0335ac');



DROP TABLE IF EXISTS `craft_assetindexdata`;


--
-- Schema for table `craft_assetindexdata`
--
CREATE TABLE `craft_assetindexdata` (
  `id` int(11) NOT NULL AUTO_INCREMENT,
  `sessionId` varchar(36) COLLATE utf8_unicode_ci NOT NULL DEFAULT '',
  `sourceId` int(10) NOT NULL,
  `offset` int(10) NOT NULL,
  `uri` varchar(255) COLLATE utf8_unicode_ci DEFAULT NULL,
  `size` varchar(255) COLLATE utf8_unicode_ci DEFAULT NULL,
  `recordId` int(10) DEFAULT NULL,
  `dateCreated` datetime NOT NULL,
  `dateUpdated` datetime NOT NULL,
  `uid` char(36) COLLATE utf8_unicode_ci NOT NULL DEFAULT '0',
  PRIMARY KEY (`id`),
  UNIQUE KEY `craft_assetindexdata_sessionId_sourceId_offset_unq_idx` (`sessionId`,`sourceId`,`offset`),
  KEY `craft_assetindexdata_sourceId_fk` (`sourceId`)
) ENGINE=InnoDB DEFAULT CHARSET=utf8 COLLATE=utf8_unicode_ci;

DROP TABLE IF EXISTS `craft_assetsources`;


--
-- Schema for table `craft_assetsources`
--
CREATE TABLE `craft_assetsources` (
  `id` int(11) NOT NULL AUTO_INCREMENT,
  `name` varchar(255) COLLATE utf8_unicode_ci NOT NULL,
  `handle` varchar(255) COLLATE utf8_unicode_ci NOT NULL,
  `type` varchar(150) COLLATE utf8_unicode_ci NOT NULL,
  `settings` text COLLATE utf8_unicode_ci,
  `sortOrder` smallint(6) unsigned DEFAULT NULL,
  `fieldLayoutId` int(10) DEFAULT NULL,
  `dateCreated` datetime NOT NULL,
  `dateUpdated` datetime NOT NULL,
  `uid` char(36) COLLATE utf8_unicode_ci NOT NULL DEFAULT '0',
  PRIMARY KEY (`id`),
  UNIQUE KEY `craft_assetsources_name_unq_idx` (`name`),
  UNIQUE KEY `craft_assetsources_handle_unq_idx` (`handle`),
  KEY `craft_assetsources_fieldLayoutId_fk` (`fieldLayoutId`)
) ENGINE=InnoDB AUTO_INCREMENT=4 DEFAULT CHARSET=utf8 COLLATE=utf8_unicode_ci;

--
-- Data for table `craft_assetsources`
--

INSERT INTO `craft_assetsources` (`id`, `name`, `handle`, `type`, `settings`, `sortOrder`, `fieldLayoutId`, `dateCreated`, `dateUpdated`, `uid`) VALUES
 ('2', 'Uploads', 'uploads', 'Local', '{\"path\":\"{basePath}public\\/content\\/uploads\\/\",\"publicURLs\":\"1\",\"url\":\"{siteUrl}content\\/uploads\\/\"}', '1', '44', '2016-05-26 22:58:26', '2016-06-13 12:14:58', 'ec32fcea-d766-48ea-9d55-a26bc056b79e');



DROP TABLE IF EXISTS `craft_assettransformindex`;


--
-- Schema for table `craft_assettransformindex`
--
CREATE TABLE `craft_assettransformindex` (
  `id` int(11) NOT NULL AUTO_INCREMENT,
  `fileId` int(11) NOT NULL,
  `filename` varchar(255) COLLATE utf8_unicode_ci DEFAULT NULL,
  `format` varchar(255) COLLATE utf8_unicode_ci DEFAULT NULL,
  `location` varchar(255) COLLATE utf8_unicode_ci NOT NULL,
  `sourceId` int(11) DEFAULT NULL,
  `fileExists` tinyint(1) DEFAULT NULL,
  `inProgress` tinyint(1) DEFAULT NULL,
  `dateIndexed` datetime DEFAULT NULL,
  `dateCreated` datetime NOT NULL,
  `dateUpdated` datetime NOT NULL,
  `uid` char(36) COLLATE utf8_unicode_ci NOT NULL DEFAULT '0',
  PRIMARY KEY (`id`),
  KEY `craft_assettransformindex_sourceId_fileId_location_idx` (`sourceId`,`fileId`,`location`)
) ENGINE=InnoDB DEFAULT CHARSET=utf8 COLLATE=utf8_unicode_ci;

DROP TABLE IF EXISTS `craft_assettransforms`;


--
-- Schema for table `craft_assettransforms`
--
CREATE TABLE `craft_assettransforms` (
  `id` int(11) NOT NULL AUTO_INCREMENT,
  `name` varchar(255) COLLATE utf8_unicode_ci NOT NULL,
  `handle` varchar(255) COLLATE utf8_unicode_ci NOT NULL,
  `mode` enum('stretch','fit','crop') COLLATE utf8_unicode_ci NOT NULL DEFAULT 'crop',
  `position` enum('top-left','top-center','top-right','center-left','center-center','center-right','bottom-left','bottom-center','bottom-right') COLLATE utf8_unicode_ci NOT NULL DEFAULT 'center-center',
  `height` int(10) DEFAULT NULL,
  `width` int(10) DEFAULT NULL,
  `format` varchar(255) COLLATE utf8_unicode_ci DEFAULT NULL,
  `quality` int(10) DEFAULT NULL,
  `dimensionChangeTime` datetime DEFAULT NULL,
  `dateCreated` datetime NOT NULL,
  `dateUpdated` datetime NOT NULL,
  `uid` char(36) COLLATE utf8_unicode_ci NOT NULL DEFAULT '0',
  PRIMARY KEY (`id`),
  UNIQUE KEY `craft_assettransforms_name_unq_idx` (`name`),
  UNIQUE KEY `craft_assettransforms_handle_unq_idx` (`handle`)
) ENGINE=InnoDB DEFAULT CHARSET=utf8 COLLATE=utf8_unicode_ci;

DROP TABLE IF EXISTS `craft_categories`;


--
-- Schema for table `craft_categories`
--
CREATE TABLE `craft_categories` (
  `id` int(11) NOT NULL,
  `groupId` int(11) NOT NULL,
  `dateCreated` datetime NOT NULL,
  `dateUpdated` datetime NOT NULL,
  `uid` char(36) COLLATE utf8_unicode_ci NOT NULL DEFAULT '0',
  PRIMARY KEY (`id`),
  KEY `craft_categories_groupId_fk` (`groupId`)
) ENGINE=InnoDB DEFAULT CHARSET=utf8 COLLATE=utf8_unicode_ci;

DROP TABLE IF EXISTS `craft_categorygroups`;


--
-- Schema for table `craft_categorygroups`
--
CREATE TABLE `craft_categorygroups` (
  `id` int(11) NOT NULL AUTO_INCREMENT,
  `structureId` int(11) NOT NULL,
  `fieldLayoutId` int(11) DEFAULT NULL,
  `name` varchar(255) COLLATE utf8_unicode_ci NOT NULL,
  `handle` varchar(255) COLLATE utf8_unicode_ci NOT NULL,
  `hasUrls` tinyint(1) unsigned NOT NULL DEFAULT '1',
  `template` varchar(500) COLLATE utf8_unicode_ci DEFAULT NULL,
  `dateCreated` datetime NOT NULL,
  `dateUpdated` datetime NOT NULL,
  `uid` char(36) COLLATE utf8_unicode_ci NOT NULL DEFAULT '0',
  PRIMARY KEY (`id`),
  UNIQUE KEY `craft_categorygroups_name_unq_idx` (`name`),
  UNIQUE KEY `craft_categorygroups_handle_unq_idx` (`handle`),
  KEY `craft_categorygroups_structureId_fk` (`structureId`),
  KEY `craft_categorygroups_fieldLayoutId_fk` (`fieldLayoutId`)
) ENGINE=InnoDB DEFAULT CHARSET=utf8 COLLATE=utf8_unicode_ci;

DROP TABLE IF EXISTS `craft_categorygroups_i18n`;


--
-- Schema for table `craft_categorygroups_i18n`
--
CREATE TABLE `craft_categorygroups_i18n` (
  `id` int(11) NOT NULL AUTO_INCREMENT,
  `groupId` int(11) NOT NULL,
  `locale` char(12) COLLATE utf8_unicode_ci NOT NULL,
  `urlFormat` text COLLATE utf8_unicode_ci,
  `nestedUrlFormat` text COLLATE utf8_unicode_ci,
  `dateCreated` datetime NOT NULL,
  `dateUpdated` datetime NOT NULL,
  `uid` char(36) COLLATE utf8_unicode_ci NOT NULL DEFAULT '0',
  PRIMARY KEY (`id`),
  UNIQUE KEY `craft_categorygroups_i18n_groupId_locale_unq_idx` (`groupId`,`locale`),
  KEY `craft_categorygroups_i18n_locale_fk` (`locale`)
) ENGINE=InnoDB DEFAULT CHARSET=utf8 COLLATE=utf8_unicode_ci;

DROP TABLE IF EXISTS `craft_content`;


--
-- Schema for table `craft_content`
--
CREATE TABLE `craft_content` (
  `id` int(11) NOT NULL AUTO_INCREMENT,
  `elementId` int(11) NOT NULL,
  `locale` char(12) COLLATE utf8_unicode_ci NOT NULL,
  `title` varchar(255) COLLATE utf8_unicode_ci DEFAULT NULL,
  `field_heading` text COLLATE utf8_unicode_ci,
  `field_body` text COLLATE utf8_unicode_ci,
  `field_feedAuthorName` text COLLATE utf8_unicode_ci,
  `field_feedAuthorEmail` text COLLATE utf8_unicode_ci,
  `dateCreated` datetime NOT NULL,
  `dateUpdated` datetime NOT NULL,
  `uid` char(36) COLLATE utf8_unicode_ci NOT NULL DEFAULT '0',
  PRIMARY KEY (`id`),
  UNIQUE KEY `craft_content_elementId_locale_unq_idx` (`elementId`,`locale`),
  KEY `craft_content_title_idx` (`title`),
  KEY `craft_content_locale_fk` (`locale`)
) ENGINE=InnoDB AUTO_INCREMENT=25 DEFAULT CHARSET=utf8 COLLATE=utf8_unicode_ci;

--
-- Data for table `craft_content`
--

INSERT INTO `craft_content` (`id`, `elementId`, `locale`, `title`, `field_heading`, `field_body`, `field_feedAuthorName`, `field_feedAuthorEmail`, `dateCreated`, `dateUpdated`, `uid`) VALUES
 ('1', '1', 'en_us', NULL, NULL, NULL, NULL, NULL, '2016-05-24 21:48:15', '2016-05-29 21:44:03', '0774b86d-7670-4eac-baf3-5aa2d22aff24'),
 ('2', '2', 'en_us', 'Home', NULL, NULL, NULL, NULL, '2016-05-24 21:48:18', '2016-05-26 20:43:21', '5a0ca30e-6936-45d9-aa6a-c38644bda2b4'),
 ('4', '4', 'en_us', 'About', 'About', '<p><img src=\"{asset:15:url}\" alt=\"profile.jpg#asset:15\" />Hi, I\'m Tyler. I\'m a <a href=\"http://github.com/tylerreckart\" target=\"_blank\">front-end developer</a>, <a href=\"http://dribbble.com/tylerreckart\">designer</a>, not at all professional skateboarder, and comic book enthusiast. I think a lot about how to make tools that <a href=\"http://github.com/tylerreckart/odin\" target=\"_blank\">improve your workflow</a> and make you more productive. I like to work with languages and tools like Javascript, Twig, and Elm, and I\'m constantly exploring other languages and tools for making the web awesome. Currently, I\'m exploring the world of functional programming through Haskell.<br /></p>\n\n\n\n<p>I currently work with the awesome team at <a href=\"http://authenticff.com\">Authentic Form &amp; Function</a>. We\'re a distributed team embodying and shaping the principals of remote work. Read more about us on our company <a href=\"http://authenticff.com/journal\" target=\"_blank\">journal</a>. </p>\n\n\n\n\n\n\n\n\n\n\n\n\n\n\n\n\n\n\n\n\n\n\n\n\n\n\n\n\n\n<p><br /></p>', NULL, NULL, '2016-05-25 22:20:00', '2016-06-04 18:18:07', 'e2a1cccd-539e-4e9e-babe-b5da4336a8ab'),
 ('5', '5', 'en_us', 'Projects', NULL, NULL, NULL, NULL, '2016-05-25 22:20:19', '2016-06-13 12:19:57', 'fc7a067d-b2cf-49b6-81c0-87b538f1c3d0'),
 ('8', '8', 'en_us', NULL, NULL, NULL, NULL, NULL, '2016-05-26 20:25:03', '2016-05-26 20:31:39', '3eda5bad-090f-432d-a055-f5e2f145d2d8'),
 ('9', '9', 'en_us', NULL, NULL, NULL, NULL, NULL, '2016-05-26 20:25:07', '2016-05-26 20:25:07', '2f3755ee-8663-46e3-97df-769d0f973737'),
 ('11', '15', 'en_us', 'Profile', NULL, NULL, NULL, NULL, '2016-05-26 23:07:48', '2016-06-02 23:24:56', '84218af6-e700-439f-8771-4457bb94add2'),
 ('12', '16', 'en_us', 'X6Uskgxqr6', NULL, NULL, NULL, NULL, '2016-05-27 00:25:25', '2016-05-27 00:25:25', 'f9fa9552-de49-4b21-8a46-2d9935590940'),
 ('13', '18', 'en_us', NULL, NULL, NULL, 'Tyler Reckart', 'tyler.reckart@gmail.com', '2016-05-27 23:30:14', '2016-05-27 23:31:13', '74e70c6a-f72d-4db2-bfe3-3fa0db2ad741'),
 ('15', '20', 'en_us', 'Z Obi Yh3Am I 1', NULL, NULL, NULL, NULL, '2016-05-29 22:47:58', '2016-05-29 22:47:58', 'eeb5ecc7-f9f9-4ab6-91ab-e1aad8df7d14'),
 ('16', '21', 'en_us', 'Becoming a Generalist', 'Becoming a Generalist: How Burning Out Changed the Way I Work', '<p>Great teams are built on the principles of learning and collaboration and you’ll often find developers that have a deep understanding of design principles, and designers that aren’t afraid to sit in front of an editor and hack away. Generalists, in the web design world are a unique mixture of design and development, leading to a better understanding of the nuances of our respective crafts and in turn, better collaboration.</p>\n\n<p>For the first few years of my career I solely defined myself as a designer. I worked on everything from interfaces to branding, and while I had a working knowledge of HTML and CSS, that’s as far as my engineering experienced stretched.</p>\n\n\n\n\n\n\n\n<p>For a couple of years, that’s all the experience that I needed; then things changed. I started to feel like the work I was doing wasn’t good enough. No matter how hard I worked or how many hours I put in, it just wasn’t enough. I got frustrated with the industry and burnt out. I decided to take some time off, which would slowly turn from a little time off into a few years off. I pursued other opportunities, went to college, left college, and eventually found myself right back where I had started.</p>\n\n\n\n\n\n\n\n<p>I was at a crossroads. During the time that I wasn’t actively working in the tech industry I still kept up on emerging practices and technologies. I had seen the internet evolve over those few years. I watched the rise of frameworks like React and Angular. I saw as JavaScript went from being a utility language to dominating the face of frontend development. It was like I was standing at the top of a waterfall, I could continue to observe, or I could take a risk and jump in.</p>\n\n\n\n\n\n\n\n<p>I jumped in and fell in love.</p>\n\n\n\n\n\n\n\n<p>Code went from being a clunky way of making my designs functional to being at the core of what I do. While I may no longer spend my days deep in the depths of interfaces or manipulating paths at 6400% to get an icon just right, I still incorporate the foundations of design that I learned all those years ago into my everyday work. My experience as a designer has immeasurably influenced the way I work as a developer. For years the trope in the the industry has been for designers to learn to code, but that’s only half of the problem. Developers need to understand design principles, too. Understanding what we do from both sides has benefits that go way beyond being able to mock up a webpage or interface element in Sketch.</p>\n\n\n\n\n\n\n\n<p>Focusing on improving our non-technical skills is how we become better developers. Having insight into why a particular design decision was made allows us to adapt the way we write software for the demands of each unique problem that we may face along the way. The same goes for designers. Nothing is more toxic to the outcome of a project than conflicts between the design and development teams. Conflict is like a brick wall in our industry, and in far too many teams that wall is an immovable object surrounded on either side by an unstoppable force.</p>\n\n\n\n\n\n\n\n<p>Understanding each other’s point of view allows us to work together. It encourages us to tear down that wall, brick by brick, until no barriers remain. Understanding is the gateway to collaboration, discussion, and teamwork, which enables us to have fun and productive discussions that lead to unique experiences, innovative features, and a better final product. Most of all, it enables us to love what we do. And the more we love what we do, the less we are at risk for burning out. And trust me, it’s not fun.</p>\n\n\n\n\n\n\n\n<p>At Authentic Form &amp; Function, we embrace the the concept of the generalist. We all wear many hats, and you can see that through our work. Helping clients understand the unique problems and solutions to their projects will not only lead to better communication, but to better collaboration on both sides. Great designers and developers alike know that creativity is at the cornerstone of what they do. Embrace your creativity. Learn what your colleagues think. Discuss, collaborate, and make. Do this and an endless number of doors will open.</p>\n\n\n\n\n\n<hr /><p><br /></p>\n\n\n\n\n\n<p>This post originally appeared on the Authentic Form &amp; Function company journal. See it <a href=\"http://authenticff.com/journal/becoming-a-generalist-how-burning-out-changed-the-way-i-work\" target=\"_blank\">here</a>.</p>', NULL, NULL, '2016-05-29 22:52:06', '2016-06-02 00:30:38', '1e552fbb-a026-4428-a61d-ad5fd73c3b16'),
 ('17', '28', 'en_us', 'Image', NULL, NULL, NULL, NULL, '2016-06-02 23:22:41', '2016-06-02 23:22:41', 'ff435531-3f6f-4c2c-aec3-1b5b90b2de04'),
 ('24', '47', 'en_us', 'Terminal Velocity', 'Terminal Velocity: Enhance Your Command Line Experience With HyperTerm', NULL, NULL, NULL, '2016-07-27 15:27:10', '2016-07-27 15:56:27', 'cdf40d61-82d0-4e63-a244-76b2c9c35615');



DROP TABLE IF EXISTS `craft_deprecationerrors`;


--
-- Schema for table `craft_deprecationerrors`
--
CREATE TABLE `craft_deprecationerrors` (
  `id` int(11) NOT NULL AUTO_INCREMENT,
  `key` varchar(255) COLLATE utf8_unicode_ci NOT NULL,
  `fingerprint` varchar(255) COLLATE utf8_unicode_ci NOT NULL,
  `lastOccurrence` datetime NOT NULL,
  `file` varchar(255) COLLATE utf8_unicode_ci NOT NULL,
  `line` smallint(6) unsigned NOT NULL,
  `class` varchar(255) COLLATE utf8_unicode_ci DEFAULT NULL,
  `method` varchar(255) COLLATE utf8_unicode_ci DEFAULT NULL,
  `template` varchar(255) COLLATE utf8_unicode_ci DEFAULT NULL,
  `templateLine` smallint(6) unsigned DEFAULT NULL,
  `message` varchar(255) COLLATE utf8_unicode_ci DEFAULT NULL,
  `traces` text COLLATE utf8_unicode_ci,
  `dateCreated` datetime NOT NULL,
  `dateUpdated` datetime NOT NULL,
  `uid` char(36) COLLATE utf8_unicode_ci NOT NULL DEFAULT '0',
  PRIMARY KEY (`id`),
  UNIQUE KEY `craft_deprecationerrors_key_fingerprint_unq_idx` (`key`,`fingerprint`)
) ENGINE=InnoDB DEFAULT CHARSET=utf8 COLLATE=utf8_unicode_ci;

DROP TABLE IF EXISTS `craft_elementindexsettings`;


--
-- Schema for table `craft_elementindexsettings`
--
CREATE TABLE `craft_elementindexsettings` (
  `id` int(11) NOT NULL AUTO_INCREMENT,
  `type` varchar(150) COLLATE utf8_unicode_ci NOT NULL,
  `settings` text COLLATE utf8_unicode_ci,
  `dateCreated` datetime NOT NULL,
  `dateUpdated` datetime NOT NULL,
  `uid` char(36) COLLATE utf8_unicode_ci NOT NULL DEFAULT '0',
  PRIMARY KEY (`id`),
  UNIQUE KEY `craft_elementindexsettings_type_unq_idx` (`type`)
) ENGINE=InnoDB DEFAULT CHARSET=utf8 COLLATE=utf8_unicode_ci;

DROP TABLE IF EXISTS `craft_elements`;


--
-- Schema for table `craft_elements`
--
CREATE TABLE `craft_elements` (
  `id` int(11) NOT NULL AUTO_INCREMENT,
  `type` varchar(150) COLLATE utf8_unicode_ci NOT NULL,
  `enabled` tinyint(1) unsigned NOT NULL DEFAULT '1',
  `archived` tinyint(1) unsigned NOT NULL DEFAULT '0',
  `dateCreated` datetime NOT NULL,
  `dateUpdated` datetime NOT NULL,
  `uid` char(36) COLLATE utf8_unicode_ci NOT NULL DEFAULT '0',
  PRIMARY KEY (`id`),
  KEY `craft_elements_type_idx` (`type`),
  KEY `craft_elements_enabled_idx` (`enabled`),
  KEY `craft_elements_archived_dateCreated_idx` (`archived`,`dateCreated`)
) ENGINE=InnoDB AUTO_INCREMENT=51 DEFAULT CHARSET=utf8 COLLATE=utf8_unicode_ci;

--
-- Data for table `craft_elements`
--

INSERT INTO `craft_elements` (`id`, `type`, `enabled`, `archived`, `dateCreated`, `dateUpdated`, `uid`) VALUES
 ('1', 'User', '1', '0', '2016-05-24 21:48:15', '2016-05-29 21:44:03', '817aaca0-1a1c-4969-9808-a87bbeda251d'),
 ('2', 'Entry', '1', '0', '2016-05-24 21:48:18', '2016-05-26 20:43:21', '9859ef9f-54e3-402f-9341-807378e3b073'),
 ('4', 'Entry', '1', '0', '2016-05-25 22:20:00', '2016-06-04 18:18:07', '97a333f9-2540-4122-b67f-308865b17fd2'),
 ('5', 'Entry', '1', '0', '2016-05-25 22:20:19', '2016-06-13 12:19:57', 'd4ad55fb-0ef6-49af-b7e1-6d233eb63850'),
 ('8', 'GlobalSet', '1', '0', '2016-05-26 20:25:03', '2016-05-26 20:31:39', '4fd9a0a6-c192-4ece-9235-5beda7b1a835'),
 ('9', 'GlobalSet', '1', '0', '2016-05-26 20:25:07', '2016-05-26 20:25:07', '42346ecb-3617-4bcd-82bf-862cf38008e3'),
 ('15', 'Asset', '1', '0', '2016-05-26 23:07:48', '2016-06-02 23:24:56', '7eb37c80-6a56-418b-958a-2bfb2a50e0e4'),
 ('16', 'Asset', '1', '0', '2016-05-27 00:25:25', '2016-05-27 00:25:25', '9ba5f4f5-f822-4e8a-9a8b-dd6bde0dce97'),
 ('17', 'MatrixBlock', '1', '0', '2016-05-27 00:25:38', '2016-06-13 12:19:57', '72b8ecfa-0106-4429-b83b-5c05bda8e643'),
 ('18', 'GlobalSet', '1', '0', '2016-05-27 23:30:14', '2016-05-27 23:31:13', 'f2449d16-fa48-4df8-8ae3-88050de383ec'),
 ('20', 'Asset', '1', '0', '2016-05-29 22:47:58', '2016-05-29 22:47:58', '7e56969c-2e4b-49bd-84e0-4fb33a91c427'),
 ('21', 'Entry', '1', '0', '2016-05-29 22:52:06', '2016-06-02 00:30:38', '66e4f8cd-3f57-427f-bf70-f1f2c9da6dd5'),
 ('22', 'MatrixBlock', '0', '0', '2016-05-31 13:34:17', '2016-06-13 12:19:57', '10a1b7ef-02ae-464e-9dbe-50f626c1ee50'),
 ('23', 'MatrixBlock', '1', '0', '2016-06-02 00:25:44', '2016-06-02 00:30:38', '8d238509-b1a5-45b2-8208-00234fa9e95d'),
 ('25', 'MatrixBlock', '1', '0', '2016-06-02 23:22:19', '2016-06-04 18:18:07', 'f43c6a07-1d81-4470-bfde-dba9ec27387d'),
 ('26', 'MatrixBlock', '1', '0', '2016-06-02 23:22:19', '2016-06-04 18:18:07', '70ea7138-d688-43a8-b249-fe406e7ef095'),
 ('27', 'MatrixBlock', '1', '0', '2016-06-02 23:22:19', '2016-06-04 18:18:07', '8fb664be-1d50-4642-bef6-300014e192b0'),
 ('28', 'Asset', '1', '0', '2016-06-02 23:22:41', '2016-06-02 23:22:41', 'ccb84844-1825-4d57-90f5-5d9016dad824'),
 ('47', 'Entry', '0', '0', '2016-07-27 15:27:10', '2016-07-27 15:56:27', 'ced5957b-1228-469a-bbe0-169d9b33c149'),
 ('48', 'MatrixBlock', '1', '0', '2016-07-27 15:27:10', '2016-07-27 15:56:27', 'c321f3dd-74db-433f-b5b2-50f8acee01b8'),
 ('49', 'MatrixBlock', '1', '0', '2016-07-27 15:47:23', '2016-07-27 15:56:27', '26658235-b385-4fd2-93f1-815addd762eb'),
 ('50', 'MatrixBlock', '1', '0', '2016-07-27 15:47:23', '2016-07-27 15:56:27', 'e4409b92-1339-41eb-ba67-444cd1e12c8d');



DROP TABLE IF EXISTS `craft_elements_i18n`;


--
-- Schema for table `craft_elements_i18n`
--
CREATE TABLE `craft_elements_i18n` (
  `id` int(11) NOT NULL AUTO_INCREMENT,
  `elementId` int(11) NOT NULL,
  `locale` char(12) COLLATE utf8_unicode_ci NOT NULL,
  `slug` varchar(255) COLLATE utf8_unicode_ci DEFAULT NULL,
  `uri` varchar(255) COLLATE utf8_unicode_ci DEFAULT NULL,
  `enabled` tinyint(1) unsigned NOT NULL DEFAULT '1',
  `dateCreated` datetime NOT NULL,
  `dateUpdated` datetime NOT NULL,
  `uid` char(36) COLLATE utf8_unicode_ci NOT NULL DEFAULT '0',
  PRIMARY KEY (`id`),
  UNIQUE KEY `craft_elements_i18n_elementId_locale_unq_idx` (`elementId`,`locale`),
  UNIQUE KEY `craft_elements_i18n_uri_locale_unq_idx` (`uri`,`locale`),
  KEY `craft_elements_i18n_slug_locale_idx` (`slug`,`locale`),
  KEY `craft_elements_i18n_enabled_idx` (`enabled`),
  KEY `craft_elements_i18n_locale_fk` (`locale`)
) ENGINE=InnoDB AUTO_INCREMENT=51 DEFAULT CHARSET=utf8 COLLATE=utf8_unicode_ci;

--
-- Data for table `craft_elements_i18n`
--

INSERT INTO `craft_elements_i18n` (`id`, `elementId`, `locale`, `slug`, `uri`, `enabled`, `dateCreated`, `dateUpdated`, `uid`) VALUES
 ('1', '1', 'en_us', '', NULL, '1', '2016-05-24 21:48:15', '2016-05-29 21:44:03', '38be5afc-2f43-4ca7-8ffb-e3339ce8149f'),
 ('2', '2', 'en_us', 'homepage', '__home__', '1', '2016-05-24 21:48:18', '2016-05-26 20:43:21', 'd9bad0f8-541b-4fe0-bcad-6f2f34676aee'),
 ('4', '4', 'en_us', 'about', 'about', '1', '2016-05-25 22:20:00', '2016-06-04 18:18:07', 'cc212eeb-ceb2-4880-a1ac-586771b933db'),
 ('5', '5', 'en_us', 'projects', 'projects', '1', '2016-05-25 22:20:19', '2016-06-13 12:19:57', '4e10c71d-f6d9-4f7e-8c8c-36733a50e922'),
 ('8', '8', 'en_us', '', NULL, '1', '2016-05-26 20:25:03', '2016-05-26 20:31:40', '8252ba42-0c5b-4406-9874-e6190902f1d8'),
 ('9', '9', 'en_us', '', NULL, '1', '2016-05-26 20:25:07', '2016-05-26 20:25:07', 'a2e82557-2337-437b-b6c3-db7ac6f5e1b0'),
 ('15', '15', 'en_us', 'profile', NULL, '1', '2016-05-26 23:07:48', '2016-06-02 23:24:56', '623072f2-37e8-4715-8410-9f2b3befdccd'),
 ('16', '16', 'en_us', 'x6uskgxqr6', NULL, '1', '2016-05-27 00:25:25', '2016-05-27 00:25:25', 'a65b291c-2aad-4bf3-a765-302f7383132e'),
 ('17', '17', 'en_us', '', NULL, '1', '2016-05-27 00:25:38', '2016-06-13 12:19:57', '65d86396-0505-4c71-ba69-0275dc22b261'),
 ('18', '18', 'en_us', '', NULL, '1', '2016-05-27 23:30:14', '2016-05-27 23:31:13', '847f71e9-00d7-4231-ae6f-2fcf00ba1b1e'),
 ('20', '20', 'en_us', 'z-obi-yh3am-i-1', NULL, '1', '2016-05-29 22:47:58', '2016-05-29 22:47:58', 'f7e26560-20cd-4159-9e74-6d4ce816a638'),
 ('21', '21', 'en_us', 'becoming-a-generalist', 'journal/becoming-a-generalist', '1', '2016-05-29 22:52:06', '2016-06-02 00:30:38', '1e48027c-74d9-4329-9884-5a80d5acf992'),
 ('22', '22', 'en_us', '', NULL, '1', '2016-05-31 13:34:17', '2016-06-13 12:19:57', '423cb689-36cf-4602-afe4-8a5ab35aa984'),
 ('23', '23', 'en_us', '', NULL, '1', '2016-06-02 00:25:44', '2016-06-02 00:30:38', '6c9dca6e-39b1-40eb-a62a-de94011fe551'),
 ('25', '25', 'en_us', '', NULL, '1', '2016-06-02 23:22:19', '2016-06-04 18:18:07', '53a4f55f-929d-45e9-bfa7-3de817988056'),
 ('26', '26', 'en_us', '', NULL, '1', '2016-06-02 23:22:19', '2016-06-04 18:18:07', '87f7baf8-cb97-4568-82b3-aeee853230f0'),
 ('27', '27', 'en_us', '', NULL, '1', '2016-06-02 23:22:19', '2016-06-04 18:18:07', '28727a8d-3d16-4a83-9125-7db2a997955e'),
 ('28', '28', 'en_us', 'image', NULL, '1', '2016-06-02 23:22:41', '2016-06-02 23:22:41', 'da3f5a16-babb-47b7-82e6-7bfce737331c'),
 ('47', '47', 'en_us', 'terminal-velocity', 'journal/terminal-velocity', '1', '2016-07-27 15:27:10', '2016-07-27 15:56:27', 'd7d61dca-48b6-4afa-a585-2342f0432a8f'),
 ('48', '48', 'en_us', '', NULL, '1', '2016-07-27 15:27:10', '2016-07-27 15:56:27', 'dcf69554-3689-4ddb-b7ff-8ce9886ac220'),
 ('49', '49', 'en_us', '', NULL, '1', '2016-07-27 15:47:23', '2016-07-27 15:56:27', 'b49c4e3f-54e4-4888-80e9-e132febabae5'),
 ('50', '50', 'en_us', '', NULL, '1', '2016-07-27 15:47:23', '2016-07-27 15:56:27', '8e725f44-c493-499d-a51c-42911bb04824');



DROP TABLE IF EXISTS `craft_emailmessages`;


--
-- Schema for table `craft_emailmessages`
--
CREATE TABLE `craft_emailmessages` (
  `id` int(11) NOT NULL AUTO_INCREMENT,
  `key` char(150) COLLATE utf8_unicode_ci NOT NULL,
  `locale` char(12) COLLATE utf8_unicode_ci NOT NULL,
  `subject` varchar(1000) COLLATE utf8_unicode_ci NOT NULL,
  `body` text COLLATE utf8_unicode_ci NOT NULL,
  `dateCreated` datetime NOT NULL,
  `dateUpdated` datetime NOT NULL,
  `uid` char(36) COLLATE utf8_unicode_ci NOT NULL DEFAULT '0',
  PRIMARY KEY (`id`),
  UNIQUE KEY `craft_emailmessages_key_locale_unq_idx` (`key`,`locale`),
  KEY `craft_emailmessages_locale_fk` (`locale`)
) ENGINE=InnoDB DEFAULT CHARSET=utf8 COLLATE=utf8_unicode_ci;

DROP TABLE IF EXISTS `craft_entries`;


--
-- Schema for table `craft_entries`
--
CREATE TABLE `craft_entries` (
  `id` int(11) NOT NULL,
  `sectionId` int(11) NOT NULL,
  `typeId` int(11) DEFAULT NULL,
  `authorId` int(11) DEFAULT NULL,
  `postDate` datetime DEFAULT NULL,
  `expiryDate` datetime DEFAULT NULL,
  `dateCreated` datetime NOT NULL,
  `dateUpdated` datetime NOT NULL,
  `uid` char(36) COLLATE utf8_unicode_ci NOT NULL DEFAULT '0',
  PRIMARY KEY (`id`),
  KEY `craft_entries_sectionId_idx` (`sectionId`),
  KEY `craft_entries_typeId_idx` (`typeId`),
  KEY `craft_entries_postDate_idx` (`postDate`),
  KEY `craft_entries_expiryDate_idx` (`expiryDate`),
  KEY `craft_entries_authorId_fk` (`authorId`)
) ENGINE=InnoDB DEFAULT CHARSET=utf8 COLLATE=utf8_unicode_ci;

--
-- Data for table `craft_entries`
--

INSERT INTO `craft_entries` (`id`, `sectionId`, `typeId`, `authorId`, `postDate`, `expiryDate`, `dateCreated`, `dateUpdated`, `uid`) VALUES
 ('2', '1', '1', NULL, '2016-05-24 22:01:59', NULL, '2016-05-24 21:48:18', '2016-05-26 20:43:21', 'fe36cbdc-39b4-4f7b-aa9a-597652be10af'),
 ('4', '3', '3', NULL, '2016-05-29 22:47:04', NULL, '2016-05-25 22:20:00', '2016-06-04 18:18:07', '4220bfb1-5c8c-4b44-b04f-abc3906d654c'),
 ('5', '4', '4', NULL, '2016-05-29 22:47:17', NULL, '2016-05-25 22:20:19', '2016-06-13 12:19:57', 'e13df843-aff2-42c6-abe6-be7bd842c200'),
 ('21', '6', '6', '1', '2016-06-01 15:47:00', NULL, '2016-05-29 22:52:06', '2016-06-02 00:30:38', '72c43144-545b-4a00-a167-c77b1eea7983'),
 ('47', '6', '6', '1', NULL, NULL, '2016-07-27 15:27:10', '2016-07-27 15:56:27', 'e1602994-d7f0-4635-9d4e-1c7ca322d7d1');



DROP TABLE IF EXISTS `craft_entrydrafts`;


--
-- Schema for table `craft_entrydrafts`
--
CREATE TABLE `craft_entrydrafts` (
  `id` int(11) NOT NULL AUTO_INCREMENT,
  `entryId` int(11) NOT NULL,
  `sectionId` int(11) NOT NULL,
  `creatorId` int(11) NOT NULL,
  `locale` char(12) COLLATE utf8_unicode_ci NOT NULL,
  `name` varchar(255) COLLATE utf8_unicode_ci NOT NULL,
  `notes` tinytext COLLATE utf8_unicode_ci,
  `data` mediumtext COLLATE utf8_unicode_ci NOT NULL,
  `dateCreated` datetime NOT NULL,
  `dateUpdated` datetime NOT NULL,
  `uid` char(36) COLLATE utf8_unicode_ci NOT NULL DEFAULT '0',
  PRIMARY KEY (`id`),
  KEY `craft_entrydrafts_entryId_locale_idx` (`entryId`,`locale`),
  KEY `craft_entrydrafts_sectionId_fk` (`sectionId`),
  KEY `craft_entrydrafts_creatorId_fk` (`creatorId`),
  KEY `craft_entrydrafts_locale_fk` (`locale`)
) ENGINE=InnoDB AUTO_INCREMENT=3 DEFAULT CHARSET=utf8 COLLATE=utf8_unicode_ci;

--
-- Data for table `craft_entrydrafts`
--

INSERT INTO `craft_entrydrafts` (`id`, `entryId`, `sectionId`, `creatorId`, `locale`, `name`, `notes`, `data`, `dateCreated`, `dateUpdated`, `uid`) VALUES
 ('1', '21', '6', '1', 'en_us', 'Draft 1', NULL, '{\"typeId\":null,\"authorId\":\"1\",\"title\":\"Vim: A Love Story\",\"slug\":\"vim-a-love-story\",\"postDate\":null,\"expiryDate\":null,\"enabled\":1,\"parentId\":null,\"fields\":{\"4\":\"<p>I won\'t lie. The first time I found myself inside of vim I&nbsp;was, as a kind way to put it, confused. Vim is a frustratingly confusing editor, but it is also an extremely powerful and lightweight editor that has the power to change the way you write software.<\\/p>\\r\\n\\r\\n<p><strong>A Little History<\\/strong><\\/p>\\r\\n\\r\\n\\r\\n\\r\\n<p>Vim is a clone of vi, an old Unix based editor that is still around today. It\'s more than likely that vi is living on the system you\'re using right now. Wether it\'s a laptop, workstation, or smartphone, if you can access you system\'s terminal, you can access vi. So why is vi so ubiquitous?&nbsp;<\\/p>\",\"3\":\"Vim: A Love Story\"}}', '2016-05-29 22:52:06', '2016-05-29 23:03:04', '2c168756-129a-406d-8a81-75b5e9d50968');



DROP TABLE IF EXISTS `craft_entrytypes`;


--
-- Schema for table `craft_entrytypes`
--
CREATE TABLE `craft_entrytypes` (
  `id` int(11) NOT NULL AUTO_INCREMENT,
  `sectionId` int(11) NOT NULL,
  `fieldLayoutId` int(11) DEFAULT NULL,
  `name` varchar(255) COLLATE utf8_unicode_ci NOT NULL,
  `handle` varchar(255) COLLATE utf8_unicode_ci NOT NULL,
  `hasTitleField` tinyint(1) unsigned NOT NULL DEFAULT '1',
  `titleLabel` varchar(255) COLLATE utf8_unicode_ci DEFAULT 'Title',
  `titleFormat` varchar(255) COLLATE utf8_unicode_ci DEFAULT NULL,
  `sortOrder` smallint(6) unsigned DEFAULT NULL,
  `dateCreated` datetime NOT NULL,
  `dateUpdated` datetime NOT NULL,
  `uid` char(36) COLLATE utf8_unicode_ci NOT NULL DEFAULT '0',
  PRIMARY KEY (`id`),
  UNIQUE KEY `craft_entrytypes_name_sectionId_unq_idx` (`name`,`sectionId`),
  UNIQUE KEY `craft_entrytypes_handle_sectionId_unq_idx` (`handle`,`sectionId`),
  KEY `craft_entrytypes_sectionId_fk` (`sectionId`),
  KEY `craft_entrytypes_fieldLayoutId_fk` (`fieldLayoutId`)
) ENGINE=InnoDB AUTO_INCREMENT=7 DEFAULT CHARSET=utf8 COLLATE=utf8_unicode_ci;

--
-- Data for table `craft_entrytypes`
--

INSERT INTO `craft_entrytypes` (`id`, `sectionId`, `fieldLayoutId`, `name`, `handle`, `hasTitleField`, `titleLabel`, `titleFormat`, `sortOrder`, `dateCreated`, `dateUpdated`, `uid`) VALUES
 ('1', '1', '33', 'Homepage', 'homepage', '0', NULL, '{section.name|raw}', NULL, '2016-05-24 21:48:18', '2016-05-29 20:45:43', 'ed171281-05f0-483a-8417-163014fa9bc6'),
 ('3', '3', '40', 'About', 'about', '0', NULL, '{section.name|raw}', NULL, '2016-05-25 22:19:59', '2016-06-02 23:40:03', 'dbd7cc9a-8446-4034-a678-eb1397b39d85'),
 ('4', '4', '34', 'Projects', 'projects', '0', NULL, '{section.name|raw}', NULL, '2016-05-25 22:20:19', '2016-05-29 20:45:57', '141a51a6-9228-49af-a5a2-29e3fc270bc7'),
 ('6', '6', '38', 'Article', 'article', '1', 'Page Title', NULL, NULL, '2016-05-25 22:21:54', '2016-06-02 00:26:00', 'deb87c14-4eab-460f-9efe-c91a90e87dcd');



DROP TABLE IF EXISTS `craft_entryversions`;


--
-- Schema for table `craft_entryversions`
--
CREATE TABLE `craft_entryversions` (
  `id` int(11) NOT NULL AUTO_INCREMENT,
  `entryId` int(11) NOT NULL,
  `sectionId` int(11) NOT NULL,
  `creatorId` int(11) DEFAULT NULL,
  `locale` char(12) COLLATE utf8_unicode_ci NOT NULL,
  `num` smallint(6) unsigned NOT NULL,
  `notes` tinytext COLLATE utf8_unicode_ci,
  `data` mediumtext COLLATE utf8_unicode_ci NOT NULL,
  `dateCreated` datetime NOT NULL,
  `dateUpdated` datetime NOT NULL,
  `uid` char(36) COLLATE utf8_unicode_ci NOT NULL DEFAULT '0',
  PRIMARY KEY (`id`),
  KEY `craft_entryversions_entryId_locale_idx` (`entryId`,`locale`),
  KEY `craft_entryversions_sectionId_fk` (`sectionId`),
  KEY `craft_entryversions_creatorId_fk` (`creatorId`),
  KEY `craft_entryversions_locale_fk` (`locale`)
) ENGINE=InnoDB AUTO_INCREMENT=60 DEFAULT CHARSET=utf8 COLLATE=utf8_unicode_ci;

--
-- Data for table `craft_entryversions`
--

INSERT INTO `craft_entryversions` (`id`, `entryId`, `sectionId`, `creatorId`, `locale`, `num`, `notes`, `data`, `dateCreated`, `dateUpdated`, `uid`) VALUES
 ('1', '2', '1', '1', 'en_us', '1', NULL, '{\"typeId\":\"1\",\"authorId\":null,\"title\":\"Homepage\",\"slug\":\"homepage\",\"postDate\":1464126498,\"expiryDate\":null,\"enabled\":1,\"parentId\":null,\"fields\":[]}', '2016-05-24 21:48:18', '2016-05-24 21:48:18', '694aa166-8e34-4212-98e7-7fdc9d9856b2'),
 ('2', '2', '1', '1', 'en_us', '2', NULL, '{\"typeId\":null,\"authorId\":null,\"title\":\"Welcome to Tylerreckart.local!\",\"slug\":\"homepage\",\"postDate\":1464126498,\"expiryDate\":null,\"enabled\":\"1\",\"parentId\":null,\"fields\":{\"1\":\"<p>It\\u2019s true, this site doesn\\u2019t have a whole lot of content yet, but don\\u2019t worry. Our web developers have just installed the CMS, and they\\u2019re setting things up for the content editors this very moment. Soon Tylerreckart.local will be an oasis of fresh perspectives, sharp analyses, and astute opinions that will keep you coming back again and again.<\\/p>\"}}', '2016-05-24 21:48:18', '2016-05-24 21:48:18', '4ce278dd-6923-4122-b7a3-3a6463ee5e4e'),
 ('4', '4', '3', '1', 'en_us', '1', NULL, '{\"typeId\":\"3\",\"authorId\":null,\"title\":\"About\",\"slug\":\"about\",\"postDate\":1464214800,\"expiryDate\":null,\"enabled\":1,\"parentId\":null,\"fields\":[]}', '2016-05-25 22:20:00', '2016-05-25 22:20:00', '3a89320d-3e11-412e-b1ac-93d0db452ed3'),
 ('5', '5', '4', '1', 'en_us', '1', NULL, '{\"typeId\":\"4\",\"authorId\":null,\"title\":\"Projects\",\"slug\":\"projects\",\"postDate\":1464214819,\"expiryDate\":null,\"enabled\":1,\"parentId\":null,\"fields\":[]}', '2016-05-25 22:20:19', '2016-05-25 22:20:19', 'd0dd64bf-e0e8-4df9-a6f5-5f23a4ad09f7'),
 ('10', '4', '3', '1', 'en_us', '2', '', '{\"typeId\":null,\"authorId\":null,\"title\":\"About\",\"slug\":\"about\",\"postDate\":1464214800,\"expiryDate\":null,\"enabled\":1,\"parentId\":null,\"fields\":{\"4\":\"<p>Art party fanny pack semiotics, gochujang put a bird on it godard meh franzen. Four loko church-key butcher disrupt, synth everyday carry meh. Normcore blog gentrify kombucha. Pabst meggings aesthetic sustainable craft beer, umami cliche kogi photo booth waistcoat. Crucifix stumptown butcher, squid pitchfork blue bottle leggings godard portland kale chips flannel. Locavore vice asymmetrical cold-pressed sustainable. Twee deep v blog microdosing, bespoke viral fashion axe bushwick gastropub.<\\/p>\",\"3\":\"About\"}}', '2016-05-26 15:17:02', '2016-05-26 15:17:02', '7a85f140-e3e4-408d-8b72-05a846f72729'),
 ('11', '4', '3', '1', 'en_us', '3', '', '{\"typeId\":null,\"authorId\":null,\"title\":\"About\",\"slug\":\"about\",\"postDate\":1464214800,\"expiryDate\":null,\"enabled\":1,\"parentId\":null,\"fields\":{\"4\":\"<p>Howdy everyone. I\'m Tyler. I\'m a <a href=\\\"http:\\/\\/github.com\\/tylerreckart\\\" target=\\\"_blank\\\">front-end developer<\\/a>, <a href=\\\"http:\\/\\/dribbble.com\\/tylerreckart\\\">designer<\\/a>, not at all professional skateboarder, and comic book enthusiast. I think a lot about how to make tools that <a href=\\\"http:\\/\\/github.com\\/tylerreckart\\/odin\\\" target=\\\"_blank\\\">improve your workflow<\\/a> and make you more productive. I like to work with languages and tools like Javascript, Twig, and Elm, and I\'m constantly exploring other languages and tools for making the web awesome. Currently, I\'m exploring the world of functional programming through Haskell.<\\/p><p>I currently work with the awesome team at <a href=\\\"http:\\/\\/authenticff.com\\\">Authentic Form & Function<\\/a>.&nbsp;We\'re a distributed team embodying and shaping the principals of remote work. Read more about us on our company <a href=\\\"http:\\/\\/authenticff.com\\/journal\\\" target=\\\"_blank\\\">journal<\\/a>.&nbsp;<\\/p><p>When I\'m not working, I enjoy carving through the streets of Greenville on my skateboard, jamming out to hip hop and metal, and curling up with a good graphic novel or science fiction epic. I subscribe to the notion of loving what you do, and doing what you love whether I\'m behind the keyboard or in front of a mountain.<\\/p><p><br><\\/p>\",\"3\":\"About\"}}', '2016-05-26 20:07:55', '2016-05-26 20:07:55', '8f7bab09-47a1-406c-a5ef-dcbdb9779edc'),
 ('12', '4', '3', '1', 'en_us', '4', '', '{\"typeId\":null,\"authorId\":null,\"title\":\"About\",\"slug\":\"about\",\"postDate\":1464214800,\"expiryDate\":null,\"enabled\":1,\"parentId\":null,\"fields\":{\"4\":\"<p>Hi,&nbsp;I\'m Tyler. I\'m a <a href=\\\"http:\\/\\/github.com\\/tylerreckart\\\" target=\\\"_blank\\\">front-end developer<\\/a>, <a href=\\\"http:\\/\\/dribbble.com\\/tylerreckart\\\">designer<\\/a>, not at all professional skateboarder, and comic book enthusiast. I think a lot about how to make tools that <a href=\\\"http:\\/\\/github.com\\/tylerreckart\\/odin\\\" target=\\\"_blank\\\">improve your workflow<\\/a> and make you more productive. I like to work with languages and tools like Javascript, Twig, and Elm, and I\'m constantly exploring other languages and tools for making the web awesome. Currently, I\'m exploring the world of functional programming through Haskell.<\\/p>\\r\\n\\r\\n<p>I currently work with the awesome team at <a href=\\\"http:\\/\\/authenticff.com\\\">Authentic Form & Function<\\/a>.&nbsp;We\'re a distributed team embodying and shaping the principals of remote work. Read more about us on our company <a href=\\\"http:\\/\\/authenticff.com\\/journal\\\" target=\\\"_blank\\\">journal<\\/a>.&nbsp;<\\/p>\\r\\n\\r\\n<p>When I\'m not working, I enjoy carving through the streets of Greenville on my skateboard, jamming out to hip hop and metal, and curling up with a good graphic novel or science fiction epic. I subscribe to the notion of loving what you do, and doing what you love whether I\'m behind the keyboard or in front of a mountain.<\\/p>\\r\\n\\r\\n<p><br><\\/p>\",\"3\":\"About\"}}', '2016-05-26 20:08:18', '2016-05-26 20:08:18', '75b1f0ac-0984-4c14-bc14-7c7591aadfcd'),
 ('13', '4', '3', '1', 'en_us', '5', '', '{\"typeId\":null,\"authorId\":null,\"title\":\"About\",\"slug\":\"about\",\"postDate\":1464214800,\"expiryDate\":null,\"enabled\":1,\"parentId\":null,\"fields\":{\"4\":\"<p><br><\\/p><p>Hi,&nbsp;I\'m Tyler. I\'m a <a href=\\\"http:\\/\\/github.com\\/tylerreckart\\\" target=\\\"_blank\\\">front-end developer<\\/a>, <a href=\\\"http:\\/\\/dribbble.com\\/tylerreckart\\\">designer<\\/a>, not at all professional skateboarder, and comic book enthusiast. I think a lot about how to make tools that <a href=\\\"http:\\/\\/github.com\\/tylerreckart\\/odin\\\" target=\\\"_blank\\\">improve your workflow<\\/a> and make you more productive. I like to work with languages and tools like Javascript, Twig, and Elm, and I\'m constantly exploring other languages and tools for making the web awesome. Currently, I\'m exploring the world of functional programming through Haskell.<\\/p>\\r\\n\\r\\n<p>I currently work with the awesome team at <a href=\\\"http:\\/\\/authenticff.com\\\">Authentic Form & Function<\\/a>.&nbsp;We\'re a distributed team embodying and shaping the principals of remote work. Read more about us on our company <a href=\\\"http:\\/\\/authenticff.com\\/journal\\\" target=\\\"_blank\\\">journal<\\/a>.&nbsp;<\\/p>\\r\\n\\r\\n\\r\\n\\r\\n<p>When I\'m not working, I enjoy carving through the streets of Greenville on my skateboard, jamming out to hip hop and metal, and curling up with a good graphic novel or science fiction epic. I subscribe to the notion of loving what you do, and doing what you love whether I\'m behind the keyboard or in front of a mountain.<\\/p>\\r\\n\\r\\n\\r\\n\\r\\n<p><br><\\/p>\",\"3\":\"About\"}}', '2016-05-26 20:11:14', '2016-05-26 20:11:14', 'bfa2bdc9-606a-4f29-85fb-d5f5af5562db'),
 ('14', '4', '3', '1', 'en_us', '6', '', '{\"typeId\":null,\"authorId\":null,\"title\":\"About\",\"slug\":\"about\",\"postDate\":1464214800,\"expiryDate\":null,\"enabled\":1,\"parentId\":null,\"fields\":{\"4\":\"<p><br><\\/p>\\r\\n\\r\\n<p>Hi,&nbsp;I\'m Tyler. I\'m a <a href=\\\"http:\\/\\/github.com\\/tylerreckart\\\" target=\\\"_blank\\\">front-end developer<\\/a>, <a href=\\\"http:\\/\\/dribbble.com\\/tylerreckart\\\">designer<\\/a>, not at all professional skateboarder, and comic book enthusiast. I think a lot about how to make tools that <a href=\\\"http:\\/\\/github.com\\/tylerreckart\\/odin\\\" target=\\\"_blank\\\">improve your workflow<\\/a> and make you more productive. I like to work with languages and tools like Javascript, Twig, and Elm, and I\'m constantly exploring other languages and tools for making the web awesome. Currently, I\'m exploring the world of functional programming through Haskell.<\\/p>\\r\\n\\r\\n<p>I currently work with the awesome team at <a href=\\\"http:\\/\\/authenticff.com\\\">Authentic Form & Function<\\/a>.&nbsp;We\'re a distributed team embodying and shaping the principals of remote work. Read more about us on our company <a href=\\\"http:\\/\\/authenticff.com\\/journal\\\" target=\\\"_blank\\\">journal<\\/a>.&nbsp;<\\/p>\\r\\n\\r\\n\\r\\n\\r\\n\\r\\n\\r\\n<p>When I\'m not working, I enjoy carving through the streets of Greenville on my skateboard, jamming out to hip hop and metal, and curling up with a good graphic novel or science fiction epic. I subscribe to the notion of loving what you do, and doing what you love whether I\'m behind the keyboard or in front of a mountain.<\\/p>\\r\\n\\r\\n\\r\\n\\r\\n\\r\\n\\r\\n<p><br><\\/p>\",\"3\":\"About\"}}', '2016-05-26 20:11:36', '2016-05-26 20:11:36', 'de19b8f0-d782-49ce-bf2a-81bff21ba984'),
 ('15', '4', '3', '1', 'en_us', '7', '', '{\"typeId\":null,\"authorId\":null,\"title\":\"About\",\"slug\":\"about\",\"postDate\":1464214800,\"expiryDate\":null,\"enabled\":1,\"parentId\":null,\"fields\":{\"4\":\"<p>Hi,&nbsp;I\'m Tyler. I\'m a <a href=\\\"http:\\/\\/github.com\\/tylerreckart\\\" target=\\\"_blank\\\">front-end developer<\\/a>, <a href=\\\"http:\\/\\/dribbble.com\\/tylerreckart\\\">designer<\\/a>, not at all professional skateboarder, and comic book enthusiast. I think a lot about how to make tools that <a href=\\\"http:\\/\\/github.com\\/tylerreckart\\/odin\\\" target=\\\"_blank\\\">improve your workflow<\\/a> and make you more productive. I like to work with languages and tools like Javascript, Twig, and Elm, and I\'m constantly exploring other languages and tools for making the web awesome. Currently, I\'m exploring the world of functional programming through Haskell.<br><\\/p>\\r\\n\\r\\n\\r\\n\\r\\n<p>I currently work with the awesome team at <a href=\\\"http:\\/\\/authenticff.com\\\">Authentic Form & Function<\\/a>.&nbsp;We\'re a distributed team embodying and shaping the principals of remote work. Read more about us on our company <a href=\\\"http:\\/\\/authenticff.com\\/journal\\\" target=\\\"_blank\\\">journal<\\/a>.&nbsp;<\\/p>\\r\\n\\r\\n\\r\\n\\r\\n\\r\\n\\r\\n\\r\\n\\r\\n<p>When I\'m not working, I enjoy carving through the streets of Greenville on my skateboard, jamming out to hip hop and metal, and curling up with a good graphic novel or science fiction epic. I subscribe to the notion of loving what you do, and doing what you love whether I\'m behind the keyboard or in front of a mountain.<\\/p>\\r\\n\\r\\n\\r\\n\\r\\n\\r\\n\\r\\n\\r\\n\\r\\n<p><br><\\/p>\",\"3\":\"About\"}}', '2016-05-26 20:11:57', '2016-05-26 20:11:57', '0d01e119-aab3-4037-be9c-6e36a1ade979'),
 ('16', '2', '1', '1', 'en_us', '3', '', '{\"typeId\":\"1\",\"authorId\":null,\"title\":\"Tyler Reckart\",\"slug\":\"homepage\",\"postDate\":1464127319,\"expiryDate\":null,\"enabled\":1,\"parentId\":null,\"fields\":[]}', '2016-05-26 20:43:09', '2016-05-26 20:43:09', '03d566a8-486a-48e8-b565-6d60e7561177'),
 ('17', '2', '1', '1', 'en_us', '4', '', '{\"typeId\":\"1\",\"authorId\":null,\"title\":\"Home\",\"slug\":\"homepage\",\"postDate\":1464127319,\"expiryDate\":null,\"enabled\":1,\"parentId\":null,\"fields\":[]}', '2016-05-26 20:43:21', '2016-05-26 20:43:21', 'dc213724-dcdc-4e74-95f0-5c4d5cf3303c'),
 ('19', '4', '3', '1', 'en_us', '8', '', '{\"typeId\":null,\"authorId\":null,\"title\":\"About\",\"slug\":\"about\",\"postDate\":1464214800,\"expiryDate\":null,\"enabled\":1,\"parentId\":null,\"fields\":{\"4\":\"<p><img src=\\\"http:\\/\\/tylerreckart.local\\/content\\/uploads\\/profile.jpg#asset:15\\\">Hi,&nbsp;I\'m Tyler. I\'m a <a href=\\\"http:\\/\\/github.com\\/tylerreckart\\\" target=\\\"_blank\\\">front-end developer<\\/a>, <a href=\\\"http:\\/\\/dribbble.com\\/tylerreckart\\\">designer<\\/a>, not at all&nbsp;professional skateboarder, and comic book enthusiast. I think a lot about how to make tools that <a href=\\\"http:\\/\\/github.com\\/tylerreckart\\/odin\\\" target=\\\"_blank\\\">improve your workflow<\\/a> and make you more productive. I like to work with languages and tools like Javascript, Twig, and Elm, and I\'m constantly exploring other languages and tools for making the web awesome. Currently, I\'m exploring the world of functional programming through Haskell.<br><\\/p>\\r\\n\\r\\n\\r\\n\\r\\n<p>I currently work with the awesome team at <a href=\\\"http:\\/\\/authenticff.com\\\">Authentic Form & Function<\\/a>.&nbsp;We\'re a distributed team embodying and shaping the principals of remote work. Read more about us on our company <a href=\\\"http:\\/\\/authenticff.com\\/journal\\\" target=\\\"_blank\\\">journal<\\/a>.&nbsp;<\\/p>\\r\\n\\r\\n\\r\\n\\r\\n\\r\\n\\r\\n\\r\\n\\r\\n\\r\\n\\r\\n<p>When I\'m not working, I enjoy carving through the streets of Greenville on my skateboard, jamming out to hip hop and metal, and curling up with a good graphic novel or science fiction epic. I subscribe to the notion of loving what you do, and doing what you love whether I\'m behind the keyboard or in front of a mountain.<\\/p>\\r\\n\\r\\n\\r\\n\\r\\n\\r\\n\\r\\n\\r\\n\\r\\n\\r\\n\\r\\n<p><br><\\/p>\",\"3\":\"About\"}}', '2016-05-26 23:08:15', '2016-05-26 23:08:15', '17413987-957b-4ac3-b748-66d7713f3ab8'),
 ('20', '4', '3', '1', 'en_us', '9', '', '{\"typeId\":null,\"authorId\":null,\"title\":\"About\",\"slug\":\"about\",\"postDate\":1464214800,\"expiryDate\":null,\"enabled\":1,\"parentId\":null,\"fields\":{\"4\":\"<p><img src=\\\"http:\\/\\/tylerreckart.local\\/content\\/uploads\\/profile.jpg#asset:15:url\\\" alt=\\\"profile.jpg#asset:15\\\">Hi,&nbsp;I\'m Tyler. I\'m a <a href=\\\"http:\\/\\/github.com\\/tylerreckart\\\" target=\\\"_blank\\\">front-end developer<\\/a>, <a href=\\\"http:\\/\\/dribbble.com\\/tylerreckart\\\">designer<\\/a>, not at&nbsp;all&nbsp;professional skateboarder, and comic book enthusiast. I think a lot about how to make tools that <a href=\\\"http:\\/\\/github.com\\/tylerreckart\\/odin\\\" target=\\\"_blank\\\">improve your workflow<\\/a> and make you more productive. I like to work with languages and tools like Javascript, Twig, and Elm, and I\'m constantly exploring other languages and tools for making the web awesome. Currently, I\'m exploring the world of functional programming through Haskell.<br><\\/p>\\r\\n\\r\\n\\r\\n\\r\\n<p>I currently work with the awesome team at <a href=\\\"http:\\/\\/authenticff.com\\\">Authentic Form & Function<\\/a>.&nbsp;We\'re a distributed team embodying and shaping the principals of remote work. Read more about us on our company <a href=\\\"http:\\/\\/authenticff.com\\/journal\\\" target=\\\"_blank\\\">journal<\\/a>.&nbsp;<\\/p>\\r\\n\\r\\n\\r\\n\\r\\n\\r\\n\\r\\n\\r\\n\\r\\n\\r\\n\\r\\n\\r\\n\\r\\n<p>When I\'m not working, I enjoy carving through the streets of Greenville on my skateboard, jamming out to hip hop and metal, and curling up with a good graphic novel or science fiction epic. I subscribe to the notion of loving what you do, and doing what you love whether I\'m behind the keyboard or in front of a mountain.<\\/p>\\r\\n\\r\\n\\r\\n\\r\\n\\r\\n\\r\\n\\r\\n\\r\\n\\r\\n\\r\\n\\r\\n\\r\\n<p><br><\\/p>\",\"3\":\"About\"}}', '2016-05-26 23:14:39', '2016-05-26 23:14:39', '2e967e3c-a423-4bb2-b2b0-09576b62f390'),
 ('21', '5', '4', '1', 'en_us', '2', '', '{\"typeId\":null,\"authorId\":null,\"title\":\"Projects\",\"slug\":\"projects\",\"postDate\":1464214819,\"expiryDate\":null,\"enabled\":1,\"parentId\":null,\"fields\":{\"7\":{\"new1\":{\"type\":\"project\",\"enabled\":\"1\",\"fields\":{\"heading\":\"Odin\",\"body\":\"<p><img src=\\\"http:\\/\\/tylerreckart.local\\/content\\/uploads\\/X6uskgxqr6.gif#asset:16\\\"><\\/p><p><br><\\/p>\"}}}}}', '2016-05-27 00:25:38', '2016-05-27 00:25:38', '29f23e57-24ad-42b7-b902-9028c575949d'),
 ('22', '5', '4', '1', 'en_us', '3', '', '{\"typeId\":null,\"authorId\":null,\"title\":\"Projects\",\"slug\":\"projects\",\"postDate\":1464214819,\"expiryDate\":null,\"enabled\":1,\"parentId\":null,\"fields\":{\"7\":{\"17\":{\"type\":\"project\",\"enabled\":\"1\",\"fields\":{\"heading\":\"Odin\",\"body\":\"<p><img src=\\\"http:\\/\\/tylerreckart.local\\/content\\/uploads\\/X6uskgxqr6.gif#asset:16:url\\\" alt=\\\"X6uskgxqr6.gif#asset:16\\\"><\\/p>\\r\\n\\r\\n<p>Odin is a zsh shell for git focused development. It includes (opinionated) configuration files for git, tmux, as well as vim in order to get you set up in a productive development environment. Check out the project on <a href=\\\"http:\\/\\/github.com\\/tylerreckart\\/odin\\\">github<\\/a>.<\\/p>\"}}}}}', '2016-05-27 00:33:46', '2016-05-27 00:33:46', '20a7d5b2-279f-491a-abd0-eaf620c3155e'),
 ('24', '4', '3', '1', 'en_us', '10', '', '{\"typeId\":null,\"authorId\":null,\"title\":\"About\",\"slug\":\"about\",\"postDate\":1464214800,\"expiryDate\":null,\"enabled\":1,\"parentId\":null,\"fields\":{\"4\":\"<p><img src=\\\"http:\\/\\/tylerreckart.local\\/content\\/uploads\\/profile.jpg#asset:15:url\\\" alt=\\\"profile.jpg#asset:15\\\">Hi,&nbsp;I\'m Tyler. I\'m a <a href=\\\"http:\\/\\/github.com\\/tylerreckart\\\" target=\\\"_blank\\\">front-end developer<\\/a>, <a href=\\\"http:\\/\\/dribbble.com\\/tylerreckart\\\">designer<\\/a>, not at&nbsp;all&nbsp;professional skateboarder, and comic book enthusiast. I think a lot about how to make tools that <a href=\\\"http:\\/\\/github.com\\/tylerreckart\\/odin\\\" target=\\\"_blank\\\">improve your workflow<\\/a> and make you more productive. I like to work with languages and tools like Javascript, Twig, and Elm, and I\'m constantly exploring other languages and tools for making the web awesome. Currently, I\'m exploring the world of functional programming through Haskell.<br><\\/p>\\r\\n\\r\\n\\r\\n\\r\\n<p>I currently work with the awesome team at <a href=\\\"http:\\/\\/authenticff.com\\\">Authentic Form & Function<\\/a>.&nbsp;We\'re a distributed team embodying and shaping the principals of remote work. Read more about us on our company <a href=\\\"http:\\/\\/authenticff.com\\/journal\\\" target=\\\"_blank\\\">journal<\\/a>.&nbsp;<\\/p>\\r\\n\\r\\n\\r\\n\\r\\n\\r\\n\\r\\n\\r\\n\\r\\n\\r\\n\\r\\n\\r\\n\\r\\n\\r\\n\\r\\n<p><br><\\/p>\",\"3\":\"About\"}}', '2016-05-29 21:42:15', '2016-05-29 21:42:15', '40f6299d-7282-4951-acb9-532aff88b5f5'),
 ('25', '5', '4', '1', 'en_us', '4', '', '{\"typeId\":\"4\",\"authorId\":null,\"title\":\"Projects\",\"slug\":\"projects\",\"postDate\":1464562037,\"expiryDate\":null,\"enabled\":1,\"parentId\":null,\"fields\":{\"7\":{\"17\":{\"type\":\"project\",\"enabled\":\"1\",\"fields\":{\"heading\":\"Odin\",\"body\":\"<p><img src=\\\"http:\\/\\/tylerreckart.com\\/content\\/uploads\\/zObiYH3amI-1.gif#asset:20\\\"><\\/p>\\r\\n\\r\\n<p>Odin is a zsh shell for git focused development. It includes (opinionated) configuration files for git, tmux, as well as vim in order to get you set up in a productive development environment. Check out the project on <a href=\\\"http:\\/\\/github.com\\/tylerreckart\\/odin\\\">github<\\/a>.<\\/p>\"}}}}}', '2016-05-29 22:48:42', '2016-05-29 22:48:42', '2bcfdcfa-da11-4d63-95b7-bd62f50af723'),
 ('26', '21', '6', '1', 'en_us', '1', NULL, '{\"typeId\":null,\"authorId\":\"1\",\"title\":\"Vim: A Love Story\",\"slug\":\"vim-a-love-story\",\"postDate\":null,\"expiryDate\":null,\"enabled\":0,\"parentId\":null,\"fields\":[]}', '2016-05-29 22:52:06', '2016-05-29 22:52:06', '7c13c1d2-6503-4f49-8414-d2bdbdf00268'),
 ('27', '5', '4', '1', 'en_us', '5', '', '{\"typeId\":\"4\",\"authorId\":null,\"title\":\"Projects\",\"slug\":\"projects\",\"postDate\":1464562037,\"expiryDate\":null,\"enabled\":1,\"parentId\":null,\"fields\":{\"7\":{\"17\":{\"type\":\"project\",\"enabled\":\"1\",\"fields\":{\"heading\":\"Odin\",\"body\":\"<p><img src=\\\"http:\\/\\/tylerreckart.com\\/content\\/uploads\\/zObiYH3amI-1.gif#asset:20:url\\\" alt=\\\"zObiYH3amI-1.gif#asset:20\\\"><\\/p>\\r\\n\\r\\n<p>Odin is a zsh shell for git focused development. It includes (opinionated) configuration files for git, tmux, as well as vim in order to get you set up in a productive development environment. Check out the project on <a href=\\\"http:\\/\\/github.com\\/tylerreckart\\/odin\\\">github<\\/a>.<\\/p>\"}},\"new1\":{\"type\":\"project\",\"enabled\":\"1\",\"fields\":{\"heading\":\"Zeitgeist\",\"body\":\"<p>Zeitgeist started as an attempt to reconstruct Instapaper with React.js. It was open sourced in the fall of 2015, and I have since taken the repository offline in order to restructure how it works. I am currently rebuilding the application with Elm as well as rewriting and optimizing the HTML Parsing algorithm behind it. I&nbsp;hope to rerelease it by the end of this year. Follow any updates on twitter <a href=\\\"http:\\/\\/twitter.com\\/tylerreckart\\\" target=\\\"_blank\\\">@tylerreckart<\\/a>.<\\/p>\"}}}}}', '2016-05-31 13:34:17', '2016-05-31 13:34:17', '08f07775-88c4-4a4b-9b55-07814fa71ee4'),
 ('28', '5', '4', '1', 'en_us', '6', '', '{\"typeId\":\"4\",\"authorId\":null,\"title\":\"Projects\",\"slug\":\"projects\",\"postDate\":1464562037,\"expiryDate\":null,\"enabled\":1,\"parentId\":null,\"fields\":{\"7\":{\"17\":{\"type\":\"project\",\"enabled\":\"1\",\"fields\":{\"heading\":\"Odin\",\"body\":\"<p><img src=\\\"http:\\/\\/tylerreckart.com\\/content\\/uploads\\/zObiYH3amI-1.gif#asset:20:url\\\" alt=\\\"zObiYH3amI-1.gif#asset:20\\\"><\\/p>\\r\\n\\r\\n<p>Odin is a zsh shell for git focused development. It includes (opinionated) configuration files for git, tmux, as well as vim in order to get you set up in a productive development environment. Check out the project on <a href=\\\"http:\\/\\/github.com\\/tylerreckart\\/odin\\\">github<\\/a>.<\\/p>\"}},\"22\":{\"type\":\"project\",\"enabled\":\"1\",\"fields\":{\"heading\":\"Tenor\",\"body\":\"<p>Tenor started as an attempt to reconstruct Instapaper with React.js. It was open sourced in the fall of 2015, and I have since taken the repository offline in order to restructure how it works. I am currently rebuilding the application with Elm as well as rewriting and optimizing the HTML Parsing algorithm behind it. I&nbsp;hope to rerelease it by the end of this year. Follow any updates on twitter <a href=\\\"http:\\/\\/twitter.com\\/tylerreckart\\\" target=\\\"_blank\\\">@tylerreckart<\\/a>.<\\/p>\"}}}}}', '2016-05-31 13:36:31', '2016-05-31 13:36:31', '3c48ac1c-293e-44f5-8795-aba881261331'),
 ('29', '5', '4', '1', 'en_us', '7', '', '{\"typeId\":\"4\",\"authorId\":null,\"title\":\"Projects\",\"slug\":\"projects\",\"postDate\":1464562037,\"expiryDate\":null,\"enabled\":1,\"parentId\":null,\"fields\":{\"7\":{\"17\":{\"type\":\"project\",\"enabled\":\"1\",\"fields\":{\"heading\":\"Odin\",\"body\":\"<p><img src=\\\"http:\\/\\/tylerreckart.com\\/content\\/uploads\\/zObiYH3amI-1.gif#asset:20:url\\\" alt=\\\"zObiYH3amI-1.gif#asset:20\\\"><\\/p>\\r\\n\\r\\n<p>Odin is a zsh shell for git focused development. It includes (opinionated) configuration files for git, tmux, as well as vim in order to get you set up in a productive development environment. Check out the project on <a href=\\\"http:\\/\\/github.com\\/tylerreckart\\/odin\\\">github<\\/a>.<\\/p>\"}},\"22\":{\"type\":\"project\",\"enabled\":\"\",\"fields\":{\"heading\":\"Tenor\",\"body\":\"<p>Tenor started as an attempt to reconstruct Instapaper with React.js. It was open sourced in the fall of 2015, and I have since taken the repository offline in order to restructure how it works. I am currently rebuilding the application with Elm as well as rewriting and optimizing the HTML Parsing algorithm behind it. I&nbsp;hope to rerelease it by the end of this year. Follow any updates on twitter <a href=\\\"http:\\/\\/twitter.com\\/tylerreckart\\\" target=\\\"_blank\\\">@tylerreckart<\\/a>.<\\/p>\"}}}}}', '2016-05-31 13:37:28', '2016-05-31 13:37:28', 'c4c49933-656a-482d-91cd-0fceb17212f3'),
 ('30', '21', '6', '1', 'en_us', '2', '', '{\"typeId\":\"6\",\"authorId\":\"1\",\"title\":\"Becoming a Generalist\",\"slug\":\"vim-a-love-story\",\"postDate\":null,\"expiryDate\":null,\"enabled\":0,\"parentId\":null,\"fields\":{\"4\":\"<p>Great teams are built on the principles of learning and collaboration and you\\u2019ll often find developers that have a deep understanding of design principles, and designers that aren\\u2019t afraid to sit in front of an editor and hack away. Generalists, in the web design world are a unique mixture of design and development, leading to a better understanding of the nuances of our respective crafts and in turn, better collaboration.<\\/p>\\r\\n\\r\\n<p>For the first few years of my career I solely defined myself as a designer. I worked on everything from interfaces to branding, and while I had a working knowledge of HTML and CSS, that\\u2019s as far as my engineering experienced stretched.<\\/p>\\r\\n\\r\\n\\r\\n\\r\\n<p>For a couple of years, that\\u2019s all the experience that I needed; then things changed. I started to feel like the work I was doing wasn\\u2019t good enough. No matter how hard I worked or how many hours I put in, it just wasn\\u2019t enough. I got frustrated with the industry and burnt out. I decided to take some time off, which would slowly turn from a little time off into a few years off. I pursued other opportunities, went to college, left college, and eventually found myself right back where I had started.<\\/p>\\r\\n\\r\\n\\r\\n\\r\\n<p>I was at a crossroads. During the time that I wasn\\u2019t actively working in the tech industry I still kept up on emerging practices and technologies. I had seen the internet evolve over those few years. I watched the rise of frameworks like React and Angular. I saw as JavaScript went from being a utility language to dominating the face of frontend development. It was like I was standing at the top of a waterfall, I could continue to observe, or I could take a risk and jump in.<\\/p>\\r\\n\\r\\n\\r\\n\\r\\n<p>I jumped in and fell in love.<\\/p>\\r\\n\\r\\n\\r\\n\\r\\n<p>Code went from being a clunky way of making my designs functional to being at the core of what I do. While I may no longer spend my days deep in the depths of interfaces or manipulating paths at 6400% to get an icon just right, I still incorporate the foundations of design that I learned all those years ago into my everyday work. My experience as a designer has immeasurably influenced the way I work as a developer. For years the trope in the the industry has been for designers to learn to code, but that\\u2019s only half of the problem. Developers need to understand design principles, too. Understanding what we do from both sides has benefits that go way beyond being able to mock up a webpage or interface element in Sketch.<\\/p>\\r\\n\\r\\n\\r\\n\\r\\n<p>Focusing on improving our non-technical skills is how we become better developers. Having insight into why a particular design decision was made allows us to adapt the way we write software for the demands of each unique problem that we may face along the way. The same goes for designers. Nothing is more toxic to the outcome of a project than conflicts between the design and development teams. Conflict is like a brick wall in our industry, and in far too many teams that wall is an immovable object surrounded on either side by an unstoppable force.<\\/p>\\r\\n\\r\\n\\r\\n\\r\\n<p>Understanding each other\\u2019s point of view allows us to work together. It encourages us to tear down that wall, brick by brick, until no barriers remain. Understanding is the gateway to collaboration, discussion, and teamwork, which enables us to have fun and productive discussions that lead to unique experiences, innovative features, and a better final product. Most of all, it enables us to love what we do. And the more we love what we do, the less we are at risk for burning out. And trust me, it\\u2019s not fun.<\\/p>\\r\\n\\r\\n\\r\\n\\r\\n<p>At Authentic Form & Function, we embrace the the concept of the generalist. We all wear many hats, and you can see that through our work. Helping clients understand the unique problems and solutions to their projects will not only lead to better communication, but to better collaboration on both sides. Great designers and developers alike know that creativity is at the cornerstone of what they do. Embrace your creativity. Learn what your colleagues think. Discuss, collaborate, and make. Do this and an endless number of doors will open.<\\/p>\\r\\n\\r\\n<hr>\\r\\n\\r\\n<p><br><\\/p>\\r\\n\\r\\n<p>This post originally appeared on the Authentic Form & Function company journal. See it <a href=\\\"http:\\/\\/authenticff.com\\/journal\\/becoming-a-generalist-how-burning-out-changed-the-way-i-work\\\" target=\\\"_blank\\\">here<\\/a>.<\\/p>\",\"3\":\"Becoming a Generalist: How Burning Out Changed the Way I Work\"}}', '2016-06-01 15:46:51', '2016-06-01 15:46:51', '7cc87e80-938d-4e3a-a22b-2b7c6f19cbee'),
 ('31', '21', '6', '1', 'en_us', '3', '', '{\"typeId\":\"6\",\"authorId\":\"1\",\"title\":\"Becoming a Generalist\",\"slug\":\"becoming-a-generalist\",\"postDate\":null,\"expiryDate\":null,\"enabled\":0,\"parentId\":null,\"fields\":{\"4\":\"<p>Great teams are built on the principles of learning and collaboration and you\\u2019ll often find developers that have a deep understanding of design principles, and designers that aren\\u2019t afraid to sit in front of an editor and hack away. Generalists, in the web design world are a unique mixture of design and development, leading to a better understanding of the nuances of our respective crafts and in turn, better collaboration.<\\/p>\\r\\n\\r\\n<p>For the first few years of my career I solely defined myself as a designer. I worked on everything from interfaces to branding, and while I had a working knowledge of HTML and CSS, that\\u2019s as far as my engineering experienced stretched.<\\/p>\\r\\n\\r\\n\\r\\n\\r\\n\\r\\n\\r\\n<p>For a couple of years, that\\u2019s all the experience that I needed; then things changed. I started to feel like the work I was doing wasn\\u2019t good enough. No matter how hard I worked or how many hours I put in, it just wasn\\u2019t enough. I got frustrated with the industry and burnt out. I decided to take some time off, which would slowly turn from a little time off into a few years off. I pursued other opportunities, went to college, left college, and eventually found myself right back where I had started.<\\/p>\\r\\n\\r\\n\\r\\n\\r\\n\\r\\n\\r\\n<p>I was at a crossroads. During the time that I wasn\\u2019t actively working in the tech industry I still kept up on emerging practices and technologies. I had seen the internet evolve over those few years. I watched the rise of frameworks like React and Angular. I saw as JavaScript went from being a utility language to dominating the face of frontend development. It was like I was standing at the top of a waterfall, I could continue to observe, or I could take a risk and jump in.<\\/p>\\r\\n\\r\\n\\r\\n\\r\\n\\r\\n\\r\\n<p>I jumped in and fell in love.<\\/p>\\r\\n\\r\\n\\r\\n\\r\\n\\r\\n\\r\\n<p>Code went from being a clunky way of making my designs functional to being at the core of what I do. While I may no longer spend my days deep in the depths of interfaces or manipulating paths at 6400% to get an icon just right, I still incorporate the foundations of design that I learned all those years ago into my everyday work. My experience as a designer has immeasurably influenced the way I work as a developer. For years the trope in the the industry has been for designers to learn to code, but that\\u2019s only half of the problem. Developers need to understand design principles, too. Understanding what we do from both sides has benefits that go way beyond being able to mock up a webpage or interface element in Sketch.<\\/p>\\r\\n\\r\\n\\r\\n\\r\\n\\r\\n\\r\\n<p>Focusing on improving our non-technical skills is how we become better developers. Having insight into why a particular design decision was made allows us to adapt the way we write software for the demands of each unique problem that we may face along the way. The same goes for designers. Nothing is more toxic to the outcome of a project than conflicts between the design and development teams. Conflict is like a brick wall in our industry, and in far too many teams that wall is an immovable object surrounded on either side by an unstoppable force.<\\/p>\\r\\n\\r\\n\\r\\n\\r\\n\\r\\n\\r\\n<p>Understanding each other\\u2019s point of view allows us to work together. It encourages us to tear down that wall, brick by brick, until no barriers remain. Understanding is the gateway to collaboration, discussion, and teamwork, which enables us to have fun and productive discussions that lead to unique experiences, innovative features, and a better final product. Most of all, it enables us to love what we do. And the more we love what we do, the less we are at risk for burning out. And trust me, it\\u2019s not fun.<\\/p>\\r\\n\\r\\n\\r\\n\\r\\n\\r\\n\\r\\n<p>At Authentic Form & Function, we embrace the the concept of the generalist. We all wear many hats, and you can see that through our work. Helping clients understand the unique problems and solutions to their projects will not only lead to better communication, but to better collaboration on both sides. Great designers and developers alike know that creativity is at the cornerstone of what they do. Embrace your creativity. Learn what your colleagues think. Discuss, collaborate, and make. Do this and an endless number of doors will open.<\\/p>\\r\\n\\r\\n\\r\\n\\r\\n<hr>\\r\\n\\r\\n<p><br><\\/p>\\r\\n\\r\\n\\r\\n\\r\\n<p>This post originally appeared on the Authentic Form & Function company journal. See it <a href=\\\"http:\\/\\/authenticff.com\\/journal\\/becoming-a-generalist-how-burning-out-changed-the-way-i-work\\\" target=\\\"_blank\\\">here<\\/a>.<\\/p>\",\"3\":\"Becoming a Generalist: How Burning Out Changed the Way I Work\"}}', '2016-06-01 15:47:01', '2016-06-01 15:47:01', '56bde7dd-6584-4dcf-8321-72f5ebf752eb'),
 ('32', '21', '6', '1', 'en_us', '4', '', '{\"typeId\":\"6\",\"authorId\":\"1\",\"title\":\"Becoming a Generalist\",\"slug\":\"becoming-a-generalist\",\"postDate\":1464796020,\"expiryDate\":null,\"enabled\":1,\"parentId\":null,\"fields\":{\"4\":\"<p>Great teams are built on the principles of learning and collaboration and you\\u2019ll often find developers that have a deep understanding of design principles, and designers that aren\\u2019t afraid to sit in front of an editor and hack away. Generalists, in the web design world are a unique mixture of design and development, leading to a better understanding of the nuances of our respective crafts and in turn, better collaboration.<\\/p>\\r\\n\\r\\n<p>For the first few years of my career I solely defined myself as a designer. I worked on everything from interfaces to branding, and while I had a working knowledge of HTML and CSS, that\\u2019s as far as my engineering experienced stretched.<\\/p>\\r\\n\\r\\n\\r\\n\\r\\n\\r\\n\\r\\n\\r\\n\\r\\n<p>For a couple of years, that\\u2019s all the experience that I needed; then things changed. I started to feel like the work I was doing wasn\\u2019t good enough. No matter how hard I worked or how many hours I put in, it just wasn\\u2019t enough. I got frustrated with the industry and burnt out. I decided to take some time off, which would slowly turn from a little time off into a few years off. I pursued other opportunities, went to college, left college, and eventually found myself right back where I had started.<\\/p>\\r\\n\\r\\n\\r\\n\\r\\n\\r\\n\\r\\n\\r\\n\\r\\n<p>I was at a crossroads. During the time that I wasn\\u2019t actively working in the tech industry I still kept up on emerging practices and technologies. I had seen the internet evolve over those few years. I watched the rise of frameworks like React and Angular. I saw as JavaScript went from being a utility language to dominating the face of frontend development. It was like I was standing at the top of a waterfall, I could continue to observe, or I could take a risk and jump in.<\\/p>\\r\\n\\r\\n\\r\\n\\r\\n\\r\\n\\r\\n\\r\\n\\r\\n<p>I jumped in and fell in love.<\\/p>\\r\\n\\r\\n\\r\\n\\r\\n\\r\\n\\r\\n\\r\\n\\r\\n<p>Code went from being a clunky way of making my designs functional to being at the core of what I do. While I may no longer spend my days deep in the depths of interfaces or manipulating paths at 6400% to get an icon just right, I still incorporate the foundations of design that I learned all those years ago into my everyday work. My experience as a designer has immeasurably influenced the way I work as a developer. For years the trope in the the industry has been for designers to learn to code, but that\\u2019s only half of the problem. Developers need to understand design principles, too. Understanding what we do from both sides has benefits that go way beyond being able to mock up a webpage or interface element in Sketch.<\\/p>\\r\\n\\r\\n\\r\\n\\r\\n\\r\\n\\r\\n\\r\\n\\r\\n<p>Focusing on improving our non-technical skills is how we become better developers. Having insight into why a particular design decision was made allows us to adapt the way we write software for the demands of each unique problem that we may face along the way. The same goes for designers. Nothing is more toxic to the outcome of a project than conflicts between the design and development teams. Conflict is like a brick wall in our industry, and in far too many teams that wall is an immovable object surrounded on either side by an unstoppable force.<\\/p>\\r\\n\\r\\n\\r\\n\\r\\n\\r\\n\\r\\n\\r\\n\\r\\n<p>Understanding each other\\u2019s point of view allows us to work together. It encourages us to tear down that wall, brick by brick, until no barriers remain. Understanding is the gateway to collaboration, discussion, and teamwork, which enables us to have fun and productive discussions that lead to unique experiences, innovative features, and a better final product. Most of all, it enables us to love what we do. And the more we love what we do, the less we are at risk for burning out. And trust me, it\\u2019s not fun.<\\/p>\\r\\n\\r\\n\\r\\n\\r\\n\\r\\n\\r\\n\\r\\n\\r\\n<p>At Authentic Form & Function, we embrace the the concept of the generalist. We all wear many hats, and you can see that through our work. Helping clients understand the unique problems and solutions to their projects will not only lead to better communication, but to better collaboration on both sides. Great designers and developers alike know that creativity is at the cornerstone of what they do. Embrace your creativity. Learn what your colleagues think. Discuss, collaborate, and make. Do this and an endless number of doors will open.<\\/p>\\r\\n\\r\\n\\r\\n\\r\\n\\r\\n\\r\\n<hr>\\r\\n\\r\\n<p><br><\\/p>\\r\\n\\r\\n\\r\\n\\r\\n\\r\\n\\r\\n<p>This post originally appeared on the Authentic Form & Function company journal. See it <a href=\\\"http:\\/\\/authenticff.com\\/journal\\/becoming-a-generalist-how-burning-out-changed-the-way-i-work\\\" target=\\\"_blank\\\">here<\\/a>.<\\/p>\",\"12\":{\"new1\":{\"type\":\"body\",\"enabled\":\"1\",\"fields\":{\"body\":\"<p>Great teams are built on the principles of learning and collaboration and you\\u2019ll often find developers that have a deep understanding of design principles, and designers that aren\\u2019t afraid to sit in front of an editor and hack away. Generalists, in the web design world are a unique mixture of design and development, leading to a better understanding of the nuances of our respective crafts and in turn, better collaboration.<\\/p>\\r\\n\\r\\n<p>For the first few years of my career I solely defined myself as a designer. I worked on everything from interfaces to branding, and while I had a working knowledge of HTML and CSS, that\\u2019s as far as my engineering experienced stretched.<\\/p>\\r\\n\\r\\n<p>For a couple of years, that\\u2019s all the experience that I needed; then things changed. I started to feel like the work I was doing wasn\\u2019t good enough. No matter how hard I worked or how many hours I put in, it just wasn\\u2019t enough. I got frustrated with the industry and burnt out. I decided to take some time off, which would slowly turn from a little time off into a few years off. I pursued other opportunities, went to college, left college, and eventually found myself right back where I had started.<\\/p>\\r\\n\\r\\n<p>I was at a crossroads. During the time that I wasn\\u2019t actively working in the tech industry I still kept up on emerging practices and technologies. I had seen the internet evolve over those few years. I watched the rise of frameworks like React and Angular. I saw as JavaScript went from being a utility language to dominating the face of frontend development. It was like I was standing at the top of a waterfall, I could continue to observe, or I could take a risk and jump in.<\\/p>\\r\\n\\r\\n<p>I jumped in and fell in love.<\\/p>\\r\\n\\r\\n<p>Code went from being a clunky way of making my designs functional to being at the core of what I do. While I may no longer spend my days deep in the depths of interfaces or manipulating paths at 6400% to get an icon just right, I still incorporate the foundations of design that I learned all those years ago into my everyday work. My experience as a designer has immeasurably influenced the way I work as a developer. For years the trope in the the industry has been for designers to learn to code, but that\\u2019s only half of the problem. Developers need to understand design principles, too. Understanding what we do from both sides has benefits that go way beyond being able to mock up a webpage or interface element in Sketch.<\\/p>\\r\\n\\r\\n<p>Focusing on improving our non-technical skills is how we become better developers. Having insight into why a particular design decision was made allows us to adapt the way we write software for the demands of each unique problem that we may face along the way. The same goes for designers. Nothing is more toxic to the outcome of a project than conflicts between the design and development teams. Conflict is like a brick wall in our industry, and in far too many teams that wall is an immovable object surrounded on either side by an unstoppable force.<\\/p>\\r\\n\\r\\n<p>Understanding each other\\u2019s point of view allows us to work together. It encourages us to tear down that wall, brick by brick, until no barriers remain. Understanding is the gateway to collaboration, discussion, and teamwork, which enables us to have fun and productive discussions that lead to unique experiences, innovative features, and a better final product. Most of all, it enables us to love what we do. And the more we love what we do, the less we are at risk for burning out. And trust me, it\\u2019s not fun.<\\/p>\\r\\n\\r\\n<p>At Authentic Form & Function, we embrace the the concept of the generalist. We all wear many hats, and you can see that through our work. Helping clients understand the unique problems and solutions to their projects will not only lead to better communication, but to better collaboration on both sides. Great designers and developers alike know that creativity is at the cornerstone of what they do. Embrace your creativity. Learn what your colleagues think. Discuss, collaborate, and make. Do this and an endless number of doors will open.<\\/p><hr><p><em>This post originally appeared on the Authentic Form & Function company journal. See it&nbsp;<a href=\\\"http:\\/\\/authenticff.com\\/journal\\/becoming-a-generalist-how-burning-out-changed-the-way-i-work\\\">here<\\/a><\\/em><em>.<\\/em><br><\\/p>\"}}},\"3\":\"Becoming a Generalist: How Burning Out Changed the Way I Work\"}}', '2016-06-02 00:25:44', '2016-06-02 00:25:44', 'f370d26f-a871-4a4f-98f4-d063fe1f42be'),
 ('33', '21', '6', '1', 'en_us', '5', '', '{\"typeId\":\"6\",\"authorId\":\"1\",\"title\":\"Becoming a Generalist\",\"slug\":\"becoming-a-generalist\",\"postDate\":1464796020,\"expiryDate\":null,\"enabled\":1,\"parentId\":null,\"fields\":{\"12\":{\"23\":{\"type\":\"body\",\"enabled\":\"1\",\"fields\":{\"body\":\"<p>Great teams are built on the principles of learning and collaboration and you\\u2019ll often find developers that have a deep understanding of design principles, and designers that aren\\u2019t afraid to sit in front of an editor and hack away. Generalists, in the web design world are a unique mixture of design and development, leading to a better understanding of the nuances of our respective crafts and in turn, better collaboration.<\\/p>\\r\\n\\r\\n<p>For the first few years of my career I solely defined myself as a designer. I worked on everything from interfaces to branding, and while I had a working knowledge of HTML and CSS, that\\u2019s as far as my engineering experienced stretched.<\\/p>\\r\\n\\r\\n\\r\\n\\r\\n<p>For a couple of years, that\\u2019s all the experience that I needed; then things changed. I started to feel like the work I was doing wasn\\u2019t good enough. No matter how hard I worked or how many hours I put in, it just wasn\\u2019t enough. I got frustrated with the industry and burnt out. I decided to take some time off, which would slowly turn from a little time off into a few years off. I pursued other opportunities, went to college, left college, and eventually found myself right back where I had started.<\\/p>\\r\\n\\r\\n\\r\\n\\r\\n<p>I was at a crossroads. During the time that I wasn\\u2019t actively working in the tech industry I still kept up on emerging practices and technologies. I had seen the internet evolve over those few years. I watched the rise of frameworks like React and Angular. I saw as JavaScript went from being a utility language to dominating the face of frontend development. It was like I was standing at the top of a waterfall, I could continue to observe, or I could take a risk and jump in.<\\/p>\\r\\n\\r\\n\\r\\n\\r\\n<p>I jumped in and fell in love.<\\/p>\\r\\n\\r\\n\\r\\n\\r\\n<p>Code went from being a clunky way of making my designs functional to being at the core of what I do. While I may no longer spend my days deep in the depths of interfaces or manipulating paths at 6400% to get an icon just right, I still incorporate the foundations of design that I learned all those years ago into my everyday work. My experience as a designer has immeasurably influenced the way I work as a developer. For years the trope in the the industry has been for designers to learn to code, but that\\u2019s only half of the problem. Developers need to understand design principles, too. Understanding what we do from both sides has benefits that go way beyond being able to mock up a webpage or interface element in Sketch.<\\/p>\\r\\n\\r\\n\\r\\n\\r\\n<p>Focusing on improving our non-technical skills is how we become better developers. Having insight into why a particular design decision was made allows us to adapt the way we write software for the demands of each unique problem that we may face along the way. The same goes for designers. Nothing is more toxic to the outcome of a project than conflicts between the design and development teams. Conflict is like a brick wall in our industry, and in far too many teams that wall is an immovable object surrounded on either side by an unstoppable force.<\\/p>\\r\\n\\r\\n\\r\\n\\r\\n<p>Understanding each other\\u2019s point of view allows us to work together. It encourages us to tear down that wall, brick by brick, until no barriers remain. Understanding is the gateway to collaboration, discussion, and teamwork, which enables us to have fun and productive discussions that lead to unique experiences, innovative features, and a better final product. Most of all, it enables us to love what we do. And the more we love what we do, the less we are at risk for burning out. And trust me, it\\u2019s not fun.<\\/p>\\r\\n\\r\\n\\r\\n\\r\\n<p>At Authentic Form & Function, we embrace the the concept of the generalist. We all wear many hats, and you can see that through our work. Helping clients understand the unique problems and solutions to their projects will not only lead to better communication, but to better collaboration on both sides. Great designers and developers alike know that creativity is at the cornerstone of what they do. Embrace your creativity. Learn what your colleagues think. Discuss, collaborate, and make. Do this and an endless number of doors will open.<\\/p>\\r\\n\\r\\n<hr>\\r\\n\\r\\n<p><em>This post&nbsp;originally appeared on the <a href=\\\"http:\\/\\/authenticff.com\\/journal\\\" target=\\\"_blank\\\">Authentic Form & Function<\\/a> journal<\\/em><em>.<\\/em><br><\\/p>\"}}},\"3\":\"Becoming a Generalist: How Burning Out Changed the Way I Work\"}}', '2016-06-02 00:30:38', '2016-06-02 00:30:38', 'bcde11eb-132e-4987-8009-719c212d22f9'),
 ('34', '4', '3', '1', 'en_us', '11', '', '{\"typeId\":\"3\",\"authorId\":null,\"title\":\"About\",\"slug\":\"about\",\"postDate\":1464562024,\"expiryDate\":null,\"enabled\":1,\"parentId\":null,\"fields\":{\"4\":\"<p><img src=\\\"http:\\/\\/tylerreckart.com\\/content\\/uploads\\/profile.jpg#asset:15:url\\\" alt=\\\"profile.jpg#asset:15\\\">Hi,&nbsp;I\'m Tyler. I\'m a <a href=\\\"http:\\/\\/github.com\\/tylerreckart\\\" target=\\\"_blank\\\">front-end developer<\\/a>, <a href=\\\"http:\\/\\/dribbble.com\\/tylerreckart\\\">designer<\\/a>, not at&nbsp;all&nbsp;professional skateboarder, and comic book enthusiast. I think a lot about how to make tools that <a href=\\\"http:\\/\\/github.com\\/tylerreckart\\/odin\\\" target=\\\"_blank\\\">improve your workflow<\\/a> and make you more productive. I like to work with languages and tools like Javascript, Twig, and Elm, and I\'m constantly exploring other languages and tools for making the web awesome. Currently, I\'m exploring the world of functional programming through Haskell.<br><\\/p>\\r\\n\\r\\n\\r\\n\\r\\n<p>I currently work with the awesome team at <a href=\\\"http:\\/\\/authenticff.com\\\">Authentic Form & Function<\\/a>.&nbsp;We\'re a distributed team embodying and shaping the principals of remote work. Read more about us on our company <a href=\\\"http:\\/\\/authenticff.com\\/journal\\\" target=\\\"_blank\\\">journal<\\/a>.&nbsp;<\\/p>\\r\\n\\r\\n\\r\\n\\r\\n\\r\\n\\r\\n\\r\\n\\r\\n\\r\\n\\r\\n\\r\\n\\r\\n\\r\\n\\r\\n\\r\\n\\r\\n\\r\\n\\r\\n\\r\\n\\r\\n<p><br><\\/p>\",\"12\":{\"new1\":{\"type\":\"heading\",\"enabled\":\"1\",\"fields\":{\"heading\":\"About Me\"}},\"new2\":{\"type\":\"body\",\"enabled\":\"1\",\"fields\":{\"body\":\"<p><strong>Currently developing software at <a href=\\\"http:\\/\\/authenticff.com\\/\\\">Authentic Form & Function<\\/a>. Previously at <a href=\\\"http:\\/\\/qui.lt\\\">Quilt<\\/a>.<\\/strong><\\/p><p>Tyler Reckart is a&nbsp;<a href=\\\"http:\\/\\/github.com\\/tylerreckart\\\">front-end developer<\\/a>&nbsp;and&nbsp;<a href=\\\"http:\\/\\/dribbble.com\\/tylerreckart\\\">designer<\\/a>. He thinks a lot about how to build tools that&nbsp;<a href=\\\"http:\\/\\/github.com\\/tylerreckart\\/odin\\\">improve your workflow<\\/a>&nbsp;and increase productivity. He works a lot with languages like JavaScript, PHP, Twig, and Elm, and is constantly continuing his education exploring new languages and tools. <em>He is currently making his way through the world of functional programming through Haskell.<\\/em>&nbsp;<\\/p>\\r\\n\\r\\n<p>Tyler started his career as a self-taught designer, working primarily on mobile\\/web interfaces. The skills that he accumulated working on freelance projects landed him a role with <a href=\\\"http:\\/\\/qui.lt\\\">Quilt<\\/a> along side their creative director to help bring the company\'s vision to life. Quilt was, in a time before privacy was the standard among social media platforms, an innovative social network that helped to pave the way for privacy in social media.&nbsp;<\\/p><p>After parting ways with the Quilt team, he&nbsp;shifted his focus from design to his studies, and decided to take a hiatus from the tech industry. In that time he focused on studying the nature of mathematics and philosophy. A few years passed, and he returned to the industry reinvigorated and with a passion for software development.&nbsp;<\\/p><p>He currently is working with the awesome team at <a href=\\\"http:\\/\\/authenticff.com\\\">Authentic Form & Function<\\/a>, working with companies to turn their visions for the web into a reality while helping to shape and promote the principals of remote work. While he isn\'t sitting behind a keyboard or writing about himself in the third person, he enjoys carving through the streets of Greenville, South Carolina on the wheels of a skateboard and building his ever-growing collection of comic books.&nbsp;&nbsp;<\\/p>\"}},\"new3\":{\"type\":\"heading\",\"enabled\":\"1\",\"fields\":{\"heading\":\"About the site\"}},\"new4\":{\"type\":\"body\",\"enabled\":\"1\",\"fields\":{\"body\":\"<p>This URL&nbsp;has been the home for my online presence for many years. It\'s gone through several phases. At times it has been a blog, at others a portfolio. The current design was created with simplicity in mind. It serves as an outlet for my design and development related thoughts as well as the occasional cross-post from my company\'s journal on remote work\\/life\\/balance.<\\/p><p>In case you were wondering, this site is:<\\/p><ul><li>Designed and built on a Macbook Pro in Greenville, South Carolina<\\/li><li>Coded with&nbsp;Vim<\\/li><li>Built on <a href=\\\"http:\\/\\/craftcms.com\\\">Craft<\\/a>, an open source no-nonsense CMS<\\/li><li>Hosted on a custom <a href=\\\"http:\\/\\/linode.com\\\">Linode<\\/a> server<\\/li><li>99% <a href=\\\"https:\\/\\/github.com\\/tylerreckart\\/tylerreckart.com\\\">open source<\\/a><\\/li><\\/ul><p>&nbsp;The 1% of the site that isn\'t open source has to do with a few deployment scripts and files that would contain sensitive data for accessing my server. I think you can understand why I&nbsp;wouldn\'t want that out in the open.<\\/p><p>For questions, comments, or inquiries, please contact me on Twitter. Though, if you\'d rather do it the old fashioned way, I can be reached via email at tyler dot&nbsp;reckart at gmail dot com.&nbsp;<\\/p>\"}}},\"3\":\"About\"}}', '2016-06-02 23:22:19', '2016-06-02 23:22:19', '26f95797-acd5-4059-be6f-0bcc9f9d0069'),
 ('35', '4', '3', '1', 'en_us', '12', '', '{\"typeId\":\"3\",\"authorId\":null,\"title\":\"About\",\"slug\":\"about\",\"postDate\":1464562024,\"expiryDate\":null,\"enabled\":1,\"parentId\":null,\"fields\":{\"4\":\"<p><img src=\\\"http:\\/\\/tylerreckart.com\\/content\\/uploads\\/profile.jpg#asset:15:url\\\" alt=\\\"profile.jpg#asset:15\\\">Hi,&nbsp;I\'m Tyler. I\'m a <a href=\\\"http:\\/\\/github.com\\/tylerreckart\\\" target=\\\"_blank\\\">front-end developer<\\/a>, <a href=\\\"http:\\/\\/dribbble.com\\/tylerreckart\\\">designer<\\/a>, not at&nbsp;all&nbsp;professional skateboarder, and comic book enthusiast. I think a lot about how to make tools that <a href=\\\"http:\\/\\/github.com\\/tylerreckart\\/odin\\\" target=\\\"_blank\\\">improve your workflow<\\/a> and make you more productive. I like to work with languages and tools like Javascript, Twig, and Elm, and I\'m constantly exploring other languages and tools for making the web awesome. Currently, I\'m exploring the world of functional programming through Haskell.<br><\\/p>\\r\\n\\r\\n\\r\\n\\r\\n<p>I currently work with the awesome team at <a href=\\\"http:\\/\\/authenticff.com\\\">Authentic Form & Function<\\/a>.&nbsp;We\'re a distributed team embodying and shaping the principals of remote work. Read more about us on our company <a href=\\\"http:\\/\\/authenticff.com\\/journal\\\" target=\\\"_blank\\\">journal<\\/a>.&nbsp;<\\/p>\\r\\n\\r\\n\\r\\n\\r\\n\\r\\n\\r\\n\\r\\n\\r\\n\\r\\n\\r\\n\\r\\n\\r\\n\\r\\n\\r\\n\\r\\n\\r\\n\\r\\n\\r\\n\\r\\n\\r\\n\\r\\n\\r\\n<p><br><\\/p>\",\"12\":{\"24\":{\"type\":\"heading\",\"enabled\":\"1\",\"fields\":{\"heading\":\"About Me\"}},\"25\":{\"type\":\"body\",\"enabled\":\"1\",\"fields\":{\"body\":\"<p><strong>Currently developing software at <a href=\\\"http:\\/\\/authenticff.com\\/\\\">Authentic Form & Function<\\/a>. Previously at <a href=\\\"http:\\/\\/qui.lt\\\">Quilt<\\/a>.<\\/strong><\\/p>\\r\\n\\r\\n<p><img src=\\\"http:\\/\\/tylerreckart.com\\/content\\/uploads\\/profile.jpg#asset:15\\\">&nbsp;Tyler Reckart is a&nbsp;<a href=\\\"http:\\/\\/github.com\\/tylerreckart\\\">front-end developer<\\/a>&nbsp;and&nbsp;<a href=\\\"http:\\/\\/dribbble.com\\/tylerreckart\\\">designer<\\/a>. He thinks a lot about how to build tools that&nbsp;<a href=\\\"http:\\/\\/github.com\\/tylerreckart\\/odin\\\">improve your workflow<\\/a>&nbsp;and increase productivity. He works a lot with languages like JavaScript, PHP, Twig, and Elm, and is constantly continuing his education exploring new languages and tools. <em>He is currently making his way through the world of functional programming through Haskell.<\\/em>&nbsp;<\\/p>\\r\\n\\r\\n<p>Tyler started his career as a self-taught designer, working primarily on mobile\\/web interfaces. The skills that he accumulated working on freelance projects landed him a role with <a href=\\\"http:\\/\\/qui.lt\\\">Quilt<\\/a> along side their creative director to help bring the company\'s vision to life. Quilt was, in a time before privacy was the standard among social media platforms, an innovative social network that helped to pave the way for privacy in social media.&nbsp;<\\/p>\\r\\n\\r\\n<p>After parting ways with the Quilt team, he&nbsp;shifted his focus from design to his studies, and decided to take a hiatus from the tech industry. In that time he focused on studying the nature of mathematics and philosophy. A few years passed, and he returned to the industry reinvigorated and with a passion for software development.&nbsp;<\\/p>\\r\\n\\r\\n<p>He currently is working with the awesome team at <a href=\\\"http:\\/\\/authenticff.com\\\">Authentic Form & Function<\\/a>, working with companies to turn their visions for the web into a reality while helping to shape and promote the principals of remote work. While he isn\'t sitting behind a keyboard or writing about himself in the third person, he enjoys carving through the streets of Greenville, South Carolina on the wheels of a skateboard and building his ever-growing collection of comic books.&nbsp;&nbsp;<\\/p>\"}},\"26\":{\"type\":\"heading\",\"enabled\":\"1\",\"fields\":{\"heading\":\"About the site\"}},\"27\":{\"type\":\"body\",\"enabled\":\"1\",\"fields\":{\"body\":\"<p>This URL&nbsp;has been the home for my online presence for many years. It\'s gone through several phases. At times it has been a blog, at others a portfolio. The current design was created with simplicity in mind. It serves as an outlet for my design and development related thoughts as well as the occasional cross-post from my company\'s journal on remote work\\/life\\/balance.<\\/p>\\r\\n\\r\\n<p>In case you were wondering, this site is:<\\/p>\\r\\n\\r\\n<ul><li>Designed and built on a Macbook Pro in Greenville, South Carolina<\\/li><li>Coded with&nbsp;Vim<\\/li><li>Built on <a href=\\\"http:\\/\\/craftcms.com\\\">Craft<\\/a>, an open source no-nonsense CMS<\\/li><li>Hosted on a custom <a href=\\\"http:\\/\\/linode.com\\\">Linode<\\/a> server<\\/li><li>99% <a href=\\\"https:\\/\\/github.com\\/tylerreckart\\/tylerreckart.com\\\">open source<\\/a><\\/li><\\/ul>\\r\\n\\r\\n<p>&nbsp;The 1% of the site that isn\'t open source has to do with a few deployment scripts and files that would contain sensitive data for accessing my server. I think you can understand why I&nbsp;wouldn\'t want that out in the open.<\\/p>\\r\\n\\r\\n<p>For questions, comments, or inquiries, please contact me on Twitter. Though, if you\'d rather do it the old fashioned way, I can be reached via email at tyler dot&nbsp;reckart at gmail dot com.&nbsp;<\\/p>\"}}},\"3\":\"About\"}}', '2016-06-02 23:25:14', '2016-06-02 23:25:14', '5ff59426-8a12-4128-bf85-2fa7abe13fee'),
 ('36', '4', '3', '1', 'en_us', '13', '', '{\"typeId\":\"3\",\"authorId\":null,\"title\":\"About\",\"slug\":\"about\",\"postDate\":1464562024,\"expiryDate\":null,\"enabled\":1,\"parentId\":null,\"fields\":{\"4\":\"<p><img src=\\\"{siteUrl}content\\/uploads\\/profile.jpg#asset:15:url\\\" alt=\\\"profile.jpg#asset:15\\\">Hi,&nbsp;I\'m Tyler. I\'m a <a href=\\\"http:\\/\\/github.com\\/tylerreckart\\\" target=\\\"_blank\\\">front-end developer<\\/a>, <a href=\\\"http:\\/\\/dribbble.com\\/tylerreckart\\\">designer<\\/a>, not at&nbsp;all&nbsp;professional skateboarder, and comic book enthusiast. I think a lot about how to make tools that <a href=\\\"http:\\/\\/github.com\\/tylerreckart\\/odin\\\" target=\\\"_blank\\\">improve your workflow<\\/a> and make you more productive. I like to work with languages and tools like Javascript, Twig, and Elm, and I\'m constantly exploring other languages and tools for making the web awesome. Currently, I\'m exploring the world of functional programming through Haskell.<br><\\/p>\\r\\n\\r\\n\\r\\n\\r\\n<p>I currently work with the awesome team at <a href=\\\"http:\\/\\/authenticff.com\\\">Authentic Form & Function<\\/a>.&nbsp;We\'re a distributed team embodying and shaping the principals of remote work. Read more about us on our company <a href=\\\"http:\\/\\/authenticff.com\\/journal\\\" target=\\\"_blank\\\">journal<\\/a>.&nbsp;<\\/p>\\r\\n\\r\\n\\r\\n\\r\\n\\r\\n\\r\\n\\r\\n\\r\\n\\r\\n\\r\\n\\r\\n\\r\\n\\r\\n\\r\\n\\r\\n\\r\\n\\r\\n\\r\\n\\r\\n\\r\\n\\r\\n\\r\\n\\r\\n\\r\\n<p><br><\\/p>\",\"12\":{\"25\":{\"type\":\"body\",\"enabled\":\"1\",\"fields\":{\"body\":\"<p><strong>Currently developing software at <a href=\\\"http:\\/\\/authenticff.com\\/\\\">Authentic Form & Function<\\/a>. Previously at <a href=\\\"http:\\/\\/qui.lt\\\">Quilt<\\/a>.<\\/strong><\\/p>\\r\\n\\r\\n<p><img src=\\\"{siteUrl}content\\/uploads\\/profile.jpg#asset:15:url\\\" alt=\\\"profile.jpg#asset:15\\\">&nbsp;Tyler Reckart is a&nbsp;<a href=\\\"http:\\/\\/github.com\\/tylerreckart\\\">front-end developer<\\/a>&nbsp;and&nbsp;<a href=\\\"http:\\/\\/dribbble.com\\/tylerreckart\\\">designer<\\/a>. He thinks a lot about how to build tools that&nbsp;<a href=\\\"http:\\/\\/github.com\\/tylerreckart\\/odin\\\">improve your workflow<\\/a>&nbsp;and increase productivity. He works a lot with languages like JavaScript, PHP, Twig, and Elm, and is constantly continuing his education exploring new languages and tools. <em>He is currently making his way through the world of functional programming through Haskell.<\\/em>&nbsp;<\\/p>\\r\\n\\r\\n\\r\\n\\r\\n<p>Tyler started his career as a self-taught designer, working primarily on mobile\\/web interfaces. The skills that he accumulated working on freelance projects landed him a role with <a href=\\\"http:\\/\\/qui.lt\\\">Quilt<\\/a> along side their creative director to help bring the company\'s vision to life. Quilt was, in a time before privacy was the standard among social media platforms, an innovative social network that helped to pave the way for privacy in social media.&nbsp;<\\/p>\\r\\n\\r\\n\\r\\n\\r\\n<p>After parting ways with the Quilt team, he&nbsp;shifted his focus from design to his studies, and decided to take a hiatus from the tech industry. In that time he focused on studying the nature of mathematics and philosophy. A few years passed, and he returned to the industry reinvigorated and with a passion for software development.&nbsp;<\\/p>\\r\\n\\r\\n\\r\\n\\r\\n<p>He currently is working with the awesome team at <a href=\\\"http:\\/\\/authenticff.com\\\">Authentic Form & Function<\\/a>, working with companies to turn their visions for the web into a reality while helping to shape and promote the principals of remote work. While he isn\'t sitting behind a keyboard or writing about himself in the third person, he enjoys carving through the streets of Greenville, South Carolina on the wheels of a skateboard and building his ever-growing collection of comic books.&nbsp;&nbsp;<\\/p>\"}},\"26\":{\"type\":\"heading\",\"enabled\":\"1\",\"fields\":{\"heading\":\"About the site\"}},\"27\":{\"type\":\"body\",\"enabled\":\"1\",\"fields\":{\"body\":\"<p>This URL&nbsp;has been the home for my online presence for many years. It\'s gone through several phases. At times it has been a blog, at others a portfolio. The current design was created with simplicity in mind. It serves as an outlet for my design and development related thoughts as well as the occasional cross-post from my company\'s journal on remote work\\/life\\/balance.<\\/p>\\r\\n\\r\\n<p>In case you were wondering, this site is:<\\/p>\\r\\n\\r\\n\\r\\n\\r\\n<ul><li>Designed and built on a Macbook Pro in Greenville, South Carolina<\\/li><li>Coded with&nbsp;Vim<\\/li><li>Built on <a href=\\\"http:\\/\\/craftcms.com\\\">Craft<\\/a>, an open source no-nonsense CMS<\\/li><li>Hosted on a custom <a href=\\\"http:\\/\\/linode.com\\\">Linode<\\/a> server<\\/li><li>99% <a href=\\\"https:\\/\\/github.com\\/tylerreckart\\/tylerreckart.com\\\">open source<\\/a><\\/li><\\/ul>\\r\\n\\r\\n<p>&nbsp;The 1% of the site that isn\'t open source has to do with a few deployment scripts and files that would contain sensitive data for accessing my server. I think you can understand why I&nbsp;wouldn\'t want that out in the open.<\\/p>\\r\\n\\r\\n\\r\\n\\r\\n<p>For questions, comments, or inquiries, please contact me on Twitter. Though, if you\'d rather do it the old fashioned way, I can be reached via email at tyler dot&nbsp;reckart at gmail dot com.&nbsp;<\\/p>\"}}},\"3\":\"About\"}}', '2016-06-02 23:31:56', '2016-06-02 23:31:56', 'bad06ce1-91ed-4ea5-8c24-39f3e929d59d'),
 ('37', '4', '3', '1', 'en_us', '14', '', '{\"typeId\":\"3\",\"authorId\":null,\"title\":\"About\",\"slug\":\"about\",\"postDate\":1464562024,\"expiryDate\":null,\"enabled\":1,\"parentId\":null,\"fields\":{\"4\":\"<p><img src=\\\"{siteUrl}content\\/uploads\\/profile.jpg#asset:15:url\\\" alt=\\\"profile.jpg#asset:15\\\">Hi,&nbsp;I\'m Tyler. I\'m a <a href=\\\"http:\\/\\/github.com\\/tylerreckart\\\" target=\\\"_blank\\\">front-end developer<\\/a>, <a href=\\\"http:\\/\\/dribbble.com\\/tylerreckart\\\">designer<\\/a>, not at&nbsp;all&nbsp;professional skateboarder, and comic book enthusiast. I think a lot about how to make tools that <a href=\\\"http:\\/\\/github.com\\/tylerreckart\\/odin\\\" target=\\\"_blank\\\">improve your workflow<\\/a> and make you more productive. I like to work with languages and tools like Javascript, Twig, and Elm, and I\'m constantly exploring other languages and tools for making the web awesome. Currently, I\'m exploring the world of functional programming through Haskell.<br><\\/p>\\r\\n\\r\\n\\r\\n\\r\\n<p>I currently work with the awesome team at <a href=\\\"http:\\/\\/authenticff.com\\\">Authentic Form & Function<\\/a>.&nbsp;We\'re a distributed team embodying and shaping the principals of remote work. Read more about us on our company <a href=\\\"http:\\/\\/authenticff.com\\/journal\\\" target=\\\"_blank\\\">journal<\\/a>.&nbsp;<\\/p>\\r\\n\\r\\n\\r\\n\\r\\n\\r\\n\\r\\n\\r\\n\\r\\n\\r\\n\\r\\n\\r\\n\\r\\n\\r\\n\\r\\n\\r\\n\\r\\n\\r\\n\\r\\n\\r\\n\\r\\n\\r\\n\\r\\n\\r\\n\\r\\n\\r\\n\\r\\n<p><br><\\/p>\",\"12\":{\"25\":{\"type\":\"body\",\"enabled\":\"1\",\"fields\":{\"body\":\"<p><strong>Currently developing software at <a href=\\\"http:\\/\\/authenticff.com\\/\\\">Authentic Form & Function<\\/a>.<\\/strong><\\/p>\\r\\n\\r\\n<p><img src=\\\"{siteUrl}content\\/uploads\\/profile.jpg#asset:15:url\\\" alt=\\\"profile.jpg#asset:15\\\">&nbsp;Tyler Reckart is a&nbsp;<a href=\\\"http:\\/\\/github.com\\/tylerreckart\\\">front-end developer<\\/a>&nbsp;and&nbsp;<a href=\\\"http:\\/\\/dribbble.com\\/tylerreckart\\\">designer<\\/a>. He thinks a lot about how to build tools that&nbsp;<a href=\\\"http:\\/\\/github.com\\/tylerreckart\\/odin\\\">improve your workflow<\\/a>&nbsp;and increase productivity. He works a lot with languages like JavaScript, PHP, Twig, and Elm, and is constantly continuing his education exploring new languages and tools. <em>He is currently making his way through the world of functional programming through Haskell.<\\/em>&nbsp;<\\/p>\\r\\n\\r\\n\\r\\n\\r\\n\\r\\n\\r\\n<p>Tyler started his career as a self-taught designer, working primarily on mobile\\/web interfaces. The skills that he accumulated working on freelance projects landed him a role with <a href=\\\"http:\\/\\/qui.lt\\\">Quilt<\\/a> along side their creative director to help bring the company\'s vision to life. Quilt was, in a time before privacy was the standard among social media platforms, an innovative social network that helped to pave the way for privacy in social media.&nbsp;<\\/p>\\r\\n\\r\\n\\r\\n\\r\\n\\r\\n\\r\\n<p>After parting ways with the Quilt team, he&nbsp;shifted his focus from design to his studies, and decided to take a hiatus from the tech industry. In that time he focused on studying the nature of mathematics and philosophy. A few years passed, and he returned to the industry reinvigorated and with a passion for software development.&nbsp;<\\/p>\\r\\n\\r\\n\\r\\n\\r\\n\\r\\n\\r\\n<p>He currently is working with the awesome team at <a href=\\\"http:\\/\\/authenticff.com\\\">Authentic Form & Function<\\/a>, working with companies to turn their visions for the web into a reality while helping to shape and promote the principals of remote work. While he isn\'t sitting behind a keyboard or writing about himself in the third person, he enjoys carving through the streets of Greenville, South Carolina on the wheels of a skateboard and building his ever-growing collection of comic books.&nbsp;&nbsp;<\\/p>\"}},\"26\":{\"type\":\"heading\",\"enabled\":\"1\",\"fields\":{\"heading\":\"About the site\"}},\"27\":{\"type\":\"body\",\"enabled\":\"1\",\"fields\":{\"body\":\"<p>This URL&nbsp;has been the home for my online presence for many years. It\'s gone through several phases. At times it has been a blog, at others a portfolio. The current design was created with simplicity in mind. It serves as an outlet for my design and development related thoughts as well as the occasional cross-post from my company\'s journal on remote work\\/life\\/balance.<\\/p>\\r\\n\\r\\n<p>In case you were wondering, this site is:<\\/p>\\r\\n\\r\\n\\r\\n\\r\\n\\r\\n\\r\\n<ul><li>Designed and built on a Macbook Pro in Greenville, South Carolina<\\/li><li>Coded with&nbsp;Vim<\\/li><li>Built on <a href=\\\"http:\\/\\/craftcms.com\\\">Craft<\\/a>, an open source no-nonsense CMS<\\/li><li>Hosted on a custom <a href=\\\"http:\\/\\/linode.com\\\">Linode<\\/a> server<\\/li><li>99% <a href=\\\"https:\\/\\/github.com\\/tylerreckart\\/tylerreckart.com\\\">open source<\\/a><\\/li><\\/ul>\\r\\n\\r\\n<p>&nbsp;The 1% of the site that isn\'t open source has to do with a few deployment scripts and files that would contain sensitive data for accessing my server. I think you can understand why I&nbsp;wouldn\'t want that out in the open.<\\/p>\\r\\n\\r\\n\\r\\n\\r\\n\\r\\n\\r\\n<p>For questions, comments, or inquiries, please contact me on Twitter. Though, if you\'d rather do it the old fashioned way, I can be reached via email at tyler dot&nbsp;reckart at gmail dot com.&nbsp;<\\/p>\"}}},\"3\":\"About\"}}', '2016-06-02 23:32:37', '2016-06-02 23:32:37', 'c298e46e-d20c-4cba-89db-1947e69ca12d'),
 ('38', '4', '3', '1', 'en_us', '15', '', '{\"typeId\":\"3\",\"authorId\":null,\"title\":\"About\",\"slug\":\"about\",\"postDate\":1464562024,\"expiryDate\":null,\"enabled\":1,\"parentId\":null,\"fields\":{\"4\":\"<p><img src=\\\"{siteUrl}content\\/uploads\\/profile.jpg#asset:15:url\\\" alt=\\\"profile.jpg#asset:15\\\">Hi,&nbsp;I\'m Tyler. I\'m a <a href=\\\"http:\\/\\/github.com\\/tylerreckart\\\" target=\\\"_blank\\\">front-end developer<\\/a>, <a href=\\\"http:\\/\\/dribbble.com\\/tylerreckart\\\">designer<\\/a>, not at&nbsp;all&nbsp;professional skateboarder, and comic book enthusiast. I think a lot about how to make tools that <a href=\\\"http:\\/\\/github.com\\/tylerreckart\\/odin\\\" target=\\\"_blank\\\">improve your workflow<\\/a> and make you more productive. I like to work with languages and tools like Javascript, Twig, and Elm, and I\'m constantly exploring other languages and tools for making the web awesome. Currently, I\'m exploring the world of functional programming through Haskell.<br><\\/p>\\r\\n\\r\\n\\r\\n\\r\\n<p>I currently work with the awesome team at <a href=\\\"http:\\/\\/authenticff.com\\\">Authentic Form & Function<\\/a>.&nbsp;We\'re a distributed team embodying and shaping the principals of remote work. Read more about us on our company <a href=\\\"http:\\/\\/authenticff.com\\/journal\\\" target=\\\"_blank\\\">journal<\\/a>.&nbsp;<\\/p>\\r\\n\\r\\n\\r\\n\\r\\n\\r\\n\\r\\n\\r\\n\\r\\n\\r\\n\\r\\n\\r\\n\\r\\n\\r\\n\\r\\n\\r\\n\\r\\n\\r\\n\\r\\n\\r\\n\\r\\n\\r\\n\\r\\n\\r\\n\\r\\n\\r\\n\\r\\n\\r\\n\\r\\n<p><br><\\/p>\",\"12\":{\"25\":{\"type\":\"body\",\"enabled\":\"1\",\"fields\":{\"body\":\"<p><img src=\\\"{siteUrl}content\\/uploads\\/profile.jpg#asset:15:url\\\" alt=\\\"profile.jpg#asset:15\\\" style=\\\"background-color: initial;\\\">&nbsp;Tyler Reckart is a&nbsp;<a href=\\\"http:\\/\\/github.com\\/tylerreckart\\\">front-end developer<\\/a>&nbsp;and&nbsp;<a href=\\\"http:\\/\\/dribbble.com\\/tylerreckart\\\">designer<\\/a>. He thinks a lot about how to build tools that&nbsp;<a href=\\\"http:\\/\\/github.com\\/tylerreckart\\/odin\\\">improve your workflow<\\/a>&nbsp;and increase productivity. He works a lot with languages like JavaScript, PHP, Twig, and Elm, and is constantly continuing his education exploring new languages and tools. <em>He is currently making his way through the world of functional programming through Haskell.<\\/em>&nbsp;<br><\\/p>\\r\\n\\r\\n\\r\\n\\r\\n\\r\\n\\r\\n\\r\\n\\r\\n<p>Tyler started his career as a self-taught designer, working primarily on mobile\\/web interfaces. The skills that he accumulated working on freelance projects landed him a role with <a href=\\\"http:\\/\\/qui.lt\\\">Quilt<\\/a> along side their creative director to help bring the company\'s vision to life. Quilt was, in a time before privacy was the standard among social media platforms, an innovative social network that helped to pave the way for privacy in social media.&nbsp;<\\/p>\\r\\n\\r\\n\\r\\n\\r\\n\\r\\n\\r\\n\\r\\n\\r\\n<p>After parting ways with the Quilt team, he&nbsp;shifted his focus from design to his studies, and decided to take a hiatus from the tech industry. In that time he focused on studying the nature of mathematics and philosophy. A few years passed, and he returned to the industry reinvigorated and with a passion for software development.&nbsp;<\\/p>\\r\\n\\r\\n\\r\\n\\r\\n\\r\\n\\r\\n\\r\\n\\r\\n<p>He currently is working with the awesome team at <a href=\\\"http:\\/\\/authenticff.com\\\">Authentic Form & Function<\\/a>, working with companies to turn their visions for the web into a reality while helping to shape and promote the principals of remote work. While he isn\'t sitting behind a keyboard or writing about himself in the third person, he enjoys carving through the streets of Greenville, South Carolina on the wheels of a skateboard and building his ever-growing collection of comic books.&nbsp;&nbsp;<\\/p>\"}},\"26\":{\"type\":\"heading\",\"enabled\":\"1\",\"fields\":{\"heading\":\"About the site\"}},\"27\":{\"type\":\"body\",\"enabled\":\"1\",\"fields\":{\"body\":\"<p>This URL&nbsp;has been the home for my online presence for many years. It\'s gone through several phases. At times it has been a blog, at others a portfolio. The current design was created with simplicity in mind. It serves as an outlet for my design and development related thoughts as well as the occasional cross-post from my company\'s journal on remote work\\/life\\/balance.<\\/p>\\r\\n\\r\\n<p>In case you were wondering, this site is:<\\/p>\\r\\n\\r\\n\\r\\n\\r\\n\\r\\n\\r\\n\\r\\n\\r\\n<ul><li>Designed and built on a Macbook Pro in Greenville, South Carolina<\\/li><li>Coded with&nbsp;Vim<\\/li><li>Built on <a href=\\\"http:\\/\\/craftcms.com\\\">Craft<\\/a>, an open source no-nonsense CMS<\\/li><li>Hosted on a custom <a href=\\\"http:\\/\\/linode.com\\\">Linode<\\/a> server<\\/li><li>99% <a href=\\\"https:\\/\\/github.com\\/tylerreckart\\/tylerreckart.com\\\">open source<\\/a><\\/li><\\/ul>\\r\\n\\r\\n<p>&nbsp;The 1% of the site that isn\'t open source has to do with a few deployment scripts and files that would contain sensitive data for accessing my server. I think you can understand why I&nbsp;wouldn\'t want that out in the open.<\\/p>\\r\\n\\r\\n\\r\\n\\r\\n\\r\\n\\r\\n\\r\\n\\r\\n<p>For questions, comments, or inquiries, please contact me on Twitter. Though, if you\'d rather do it the old fashioned way, I can be reached via email at tyler dot&nbsp;reckart at gmail dot com.&nbsp;<\\/p>\"}}},\"3\":\"About\"}}', '2016-06-02 23:33:07', '2016-06-02 23:33:07', 'b30b6ea1-9523-44cb-8dca-93e1f8100137'),
 ('39', '4', '3', '1', 'en_us', '16', '', '{\"typeId\":\"3\",\"authorId\":null,\"title\":\"About\",\"slug\":\"about\",\"postDate\":1464562024,\"expiryDate\":null,\"enabled\":1,\"parentId\":null,\"fields\":{\"4\":\"<p><img src=\\\"{siteUrl}content\\/uploads\\/profile.jpg#asset:15:url\\\" alt=\\\"profile.jpg#asset:15\\\">Hi,&nbsp;I\'m Tyler. I\'m a <a href=\\\"http:\\/\\/github.com\\/tylerreckart\\\" target=\\\"_blank\\\">front-end developer<\\/a>, <a href=\\\"http:\\/\\/dribbble.com\\/tylerreckart\\\">designer<\\/a>, not at&nbsp;all&nbsp;professional skateboarder, and comic book enthusiast. I think a lot about how to make tools that <a href=\\\"http:\\/\\/github.com\\/tylerreckart\\/odin\\\" target=\\\"_blank\\\">improve your workflow<\\/a> and make you more productive. I like to work with languages and tools like Javascript, Twig, and Elm, and I\'m constantly exploring other languages and tools for making the web awesome. Currently, I\'m exploring the world of functional programming through Haskell.<br><\\/p>\\r\\n\\r\\n\\r\\n\\r\\n<p>I currently work with the awesome team at <a href=\\\"http:\\/\\/authenticff.com\\\">Authentic Form & Function<\\/a>.&nbsp;We\'re a distributed team embodying and shaping the principals of remote work. Read more about us on our company <a href=\\\"http:\\/\\/authenticff.com\\/journal\\\" target=\\\"_blank\\\">journal<\\/a>.&nbsp;<\\/p>\\r\\n\\r\\n\\r\\n\\r\\n\\r\\n\\r\\n\\r\\n\\r\\n\\r\\n\\r\\n\\r\\n\\r\\n\\r\\n\\r\\n\\r\\n\\r\\n\\r\\n\\r\\n\\r\\n\\r\\n\\r\\n\\r\\n\\r\\n\\r\\n\\r\\n\\r\\n\\r\\n\\r\\n\\r\\n\\r\\n<p><br><\\/p>\",\"12\":{\"25\":{\"type\":\"body\",\"enabled\":\"1\",\"fields\":{\"body\":\"<p><img src=\\\"{siteUrl}content\\/uploads\\/profile.jpg#asset:15:url\\\" alt=\\\"profile.jpg#asset:15\\\">Tyler Reckart is a&nbsp;<a href=\\\"http:\\/\\/github.com\\/tylerreckart\\\">front-end developer<\\/a>&nbsp;and&nbsp;<a href=\\\"http:\\/\\/dribbble.com\\/tylerreckart\\\">designer<\\/a>. He thinks a lot about how to build tools that&nbsp;<a href=\\\"http:\\/\\/github.com\\/tylerreckart\\/odin\\\">improve your workflow<\\/a>&nbsp;and increase productivity. He works a lot with languages like JavaScript, PHP, Twig, and Elm, and is constantly continuing his education exploring new languages and tools. <em>He is currently making his way through the world of functional programming through Haskell.<\\/em>&nbsp;<br><\\/p>\\r\\n\\r\\n\\r\\n\\r\\n\\r\\n\\r\\n\\r\\n\\r\\n<p>Tyler started his career as a self-taught designer, working primarily on mobile\\/web interfaces. The skills that he accumulated working on freelance projects landed him a role with <a href=\\\"http:\\/\\/qui.lt\\\">Quilt<\\/a> along side their creative director to help bring the company\'s vision to life. Quilt was, in a time before privacy was the standard among social media platforms, an innovative social network that helped to pave the way for privacy in social media.&nbsp;<\\/p>\\r\\n\\r\\n\\r\\n\\r\\n\\r\\n\\r\\n\\r\\n\\r\\n\\r\\n\\r\\n<p>After parting ways with the Quilt team, he&nbsp;shifted his focus from design to his studies, and decided to take a hiatus from the tech industry. In that time he focused on studying the nature of mathematics and philosophy. A few years passed, and he returned to the industry reinvigorated and with a passion for software development.&nbsp;<\\/p>\\r\\n\\r\\n\\r\\n\\r\\n\\r\\n\\r\\n\\r\\n\\r\\n\\r\\n\\r\\n<p>He currently is working with the awesome team at <a href=\\\"http:\\/\\/authenticff.com\\\">Authentic Form & Function<\\/a>, working with companies to turn their visions for the web into a reality while helping to shape and promote the principals of remote work. While he isn\'t sitting behind a keyboard or writing about himself the third person, he enjoys carving through the streets of Greenville, South Carolina on the wheels of a skateboard and building his ever-growing collection of comic books.&nbsp;&nbsp;<\\/p>\"}},\"26\":{\"type\":\"heading\",\"enabled\":\"1\",\"fields\":{\"heading\":\"About the site\"}},\"27\":{\"type\":\"body\",\"enabled\":\"1\",\"fields\":{\"body\":\"<p>This URL&nbsp;has been the home for my online presence for many years. It\'s gone through several phases. At times it has been a blog, at others a portfolio. The current design was created with simplicity in mind. It serves as an outlet for my design and development related thoughts as well as the occasional cross-post from my company\'s journal on remote work\\/life\\/balance.<\\/p>\\r\\n\\r\\n<p>In case you were wondering, this site is:<\\/p>\\r\\n\\r\\n\\r\\n\\r\\n\\r\\n\\r\\n\\r\\n\\r\\n\\r\\n\\r\\n<ul><li>Designed and built on a Macbook Pro in Greenville, South Carolina<\\/li><li>Coded with&nbsp;Vim<\\/li><li>Built on <a href=\\\"http:\\/\\/craftcms.com\\\">Craft<\\/a>, an open source no-nonsense CMS<\\/li><li>Hosted on a custom <a href=\\\"http:\\/\\/linode.com\\\">Linode<\\/a> server<\\/li><li>99% <a href=\\\"https:\\/\\/github.com\\/tylerreckart\\/tylerreckart.com\\\">open source<\\/a><\\/li><\\/ul>\\r\\n\\r\\n<p>The 1% of the site that isn\'t open source has to do with a few deployment scripts and files that would contain sensitive data for accessing my server. I think you can understand why I&nbsp;wouldn\'t want that out in the open.<\\/p>\\r\\n\\r\\n\\r\\n\\r\\n\\r\\n\\r\\n\\r\\n\\r\\n\\r\\n\\r\\n<p>For questions, comments, or inquiries, please contact me on Twitter. Though, if you\'d rather do it the old fashioned way, I can be reached via email at tyler dot&nbsp;reckart at gmail dot com.&nbsp;<\\/p>\"}}},\"3\":\"About\"}}', '2016-06-02 23:38:14', '2016-06-02 23:38:14', '4c58ac42-4cb4-4a9a-a518-7ba447b09e64'),
 ('46', '4', '3', '1', 'en_us', '17', '', '{\"typeId\":\"3\",\"authorId\":null,\"title\":\"About\",\"slug\":\"about\",\"postDate\":1464562024,\"expiryDate\":null,\"enabled\":1,\"parentId\":null,\"fields\":{\"12\":{\"25\":{\"type\":\"body\",\"enabled\":\"1\",\"fields\":{\"body\":\"<p>Tyler Reckart is a&nbsp;<a href=\\\"http:\\/\\/github.com\\/tylerreckart\\\">front-end developer<\\/a>&nbsp;and&nbsp;<a href=\\\"http:\\/\\/dribbble.com\\/tylerreckart\\\">designer<\\/a>. He thinks a lot about how to build tools that&nbsp;<a href=\\\"http:\\/\\/github.com\\/tylerreckart\\/odin\\\">improve your workflow<\\/a>&nbsp;and increase productivity. He works a lot with languages like JavaScript, PHP, Twig, and Elm, and is constantly continuing his education exploring new languages and tools. <em>He is currently making his way through the world of functional programming through Haskell.<\\/em>&nbsp;<br><\\/p>\\r\\n\\r\\n\\r\\n\\r\\n\\r\\n\\r\\n\\r\\n\\r\\n<p>Tyler started his career as a self-taught designer, working primarily on mobile\\/web interfaces. The skills that he accumulated working on freelance projects landed him a role with <a href=\\\"http:\\/\\/qui.lt\\\">Quilt<\\/a> along side their creative director to help bring the company\'s vision to life. Quilt was, in a time before privacy was the standard among social media platforms, an innovative social network that helped to pave the way for privacy in social media.&nbsp;<\\/p>\\r\\n\\r\\n\\r\\n\\r\\n\\r\\n\\r\\n\\r\\n\\r\\n\\r\\n\\r\\n\\r\\n\\r\\n<p>After parting ways with the Quilt team, he&nbsp;shifted his focus from design to his studies, and decided to take a hiatus from the tech industry. In that time he focused on studying the nature of mathematics and philosophy. A few years passed, and he returned to the industry reinvigorated and with a passion for software development.&nbsp;<\\/p>\\r\\n\\r\\n\\r\\n\\r\\n\\r\\n\\r\\n\\r\\n\\r\\n\\r\\n\\r\\n\\r\\n\\r\\n<p>He currently is working with the awesome team at <a href=\\\"http:\\/\\/authenticff.com\\\">Authentic Form & Function<\\/a>, working with companies to turn their visions for the web into a reality while helping to shape and promote the principals of remote work. While he isn\'t sitting behind a keyboard or writing about himself the third person, he enjoys carving through the streets of Greenville, South Carolina on the wheels of a skateboard and building his ever-growing collection of comic books.&nbsp;&nbsp;<\\/p>\"}},\"26\":{\"type\":\"heading\",\"enabled\":\"1\",\"fields\":{\"heading\":\"About the site\"}},\"27\":{\"type\":\"body\",\"enabled\":\"1\",\"fields\":{\"body\":\"<p>This URL&nbsp;has been the home for my online presence for many years. It\'s gone through several phases. At times it has been a blog, at others a portfolio. The current design was created with simplicity in mind. It serves as an outlet for my design and development related thoughts as well as the occasional cross-post from my company\'s journal on remote work\\/life\\/balance.<\\/p>\\r\\n\\r\\n<p>In case you were wondering, this site is:<\\/p>\\r\\n\\r\\n\\r\\n\\r\\n\\r\\n\\r\\n\\r\\n\\r\\n\\r\\n\\r\\n\\r\\n\\r\\n<ul><li>Designed and built on a Macbook Pro in Greenville, South Carolina<\\/li><li>Coded with&nbsp;Vim<\\/li><li>Built on <a href=\\\"http:\\/\\/craftcms.com\\\">Craft<\\/a>, an open source no-nonsense CMS<\\/li><li>Hosted on a custom <a href=\\\"http:\\/\\/linode.com\\\">Linode<\\/a> server<\\/li><li>99% <a href=\\\"https:\\/\\/github.com\\/tylerreckart\\/tylerreckart.com\\\">open source<\\/a><\\/li><\\/ul>\\r\\n\\r\\n<p>The 1% of the site that isn\'t open source has to do with a few deployment scripts and files that would contain sensitive data for accessing my server. I think you can understand why I&nbsp;wouldn\'t want that out in the open.<\\/p>\\r\\n\\r\\n\\r\\n\\r\\n\\r\\n\\r\\n\\r\\n\\r\\n\\r\\n\\r\\n\\r\\n\\r\\n<p>For questions, comments, or inquiries, please contact me on <a href=\\\"http:\\/\\/twitter.com\\/tylerreckart\\\">Twitter<\\/a>. Though, if you\'d rather do it the old fashioned way, I can be reached via email at tyler dot&nbsp;reckart at gmail dot com.&nbsp;<\\/p>\"}}},\"3\":\"About\"}}', '2016-06-04 18:18:07', '2016-06-04 18:18:07', 'e26c00b6-8559-4178-84bc-543189ea233f'),
 ('48', '5', '4', '1', 'en_us', '8', '', '{\"typeId\":\"4\",\"authorId\":null,\"title\":\"Projects\",\"slug\":\"projects\",\"postDate\":1464562037,\"expiryDate\":null,\"enabled\":1,\"parentId\":null,\"fields\":{\"7\":{\"17\":{\"type\":\"project\",\"enabled\":\"1\",\"fields\":{\"heading\":\"Odin\",\"body\":\"<p>Odin is a zsh shell for git focused development. It includes (opinionated) configuration files for git, tmux, as well as vim in order to get you set up in a productive development environment. Check out the project on <a href=\\\"http:\\/\\/github.com\\/tylerreckart\\/odin\\\">github<\\/a>.<br><\\/p>\"}},\"22\":{\"type\":\"project\",\"enabled\":\"\",\"fields\":{\"heading\":\"Tenor\",\"body\":\"<p>Tenor started as an attempt to reconstruct Instapaper with React.js. It was open sourced in the fall of 2015, and I have since taken the repository offline in order to restructure how it works. I am currently rebuilding the application with Elm as well as rewriting and optimizing the HTML Parsing algorithm behind it. I&nbsp;hope to rerelease it by the end of this year. Follow any updates on twitter <a href=\\\"http:\\/\\/twitter.com\\/tylerreckart\\\" target=\\\"_blank\\\">@tylerreckart<\\/a>.<\\/p>\"}}}}}', '2016-06-13 12:19:57', '2016-06-13 12:19:57', '5e87a6ca-d970-4a95-bc71-0585ebdf4361'),
 ('56', '47', '6', '1', 'en_us', '1', '', '{\"typeId\":null,\"authorId\":\"1\",\"title\":\"Terminal Velocity\",\"slug\":\"terminal-velocity\",\"postDate\":null,\"expiryDate\":null,\"enabled\":0,\"parentId\":null,\"fields\":{\"12\":{\"new1\":{\"type\":\"body\",\"enabled\":\"1\",\"fields\":{\"body\":\"<p>I love the command line. So much so that up to 90% of my work is done within the confines of a terminal window. There are countless numbers of editors out there for all systems, but no matter what system I find myself using, I always find myself at home on the command line. It\'s simple, unobtrusive, and fast. And as a developer, these are all things that are immeasurably important to my productivity and workflow.&nbsp;<\\/p><p>The command line itself has been around since the dawn of computing (or at least since the 1950s) and was one of the first ways people were able to interact with computers on a visual level. As a kid, I remember stumbling on the command line and being frightened by it\'s seemingly overwhelming complexity and power over the operations of the computer (mind you, I grew up with Windows 98, ME, and XP). In earlier operating systems like MS-DOS, the command line was your only interface with the computer. It could be used to open applications, games, or run early versions of programs like excel and word processors.<\\/p>\"}}},\"3\":\"Terminal Velocity: Enhance Your Command Line Experience With HyperTerm\"}}', '2016-07-27 15:27:10', '2016-07-27 15:27:10', '49c2985f-7dbd-46cf-bd14-ed41b45b75ac'),
 ('57', '47', '6', '1', 'en_us', '2', '', '{\"typeId\":\"6\",\"authorId\":\"1\",\"title\":\"Terminal Velocity\",\"slug\":\"terminal-velocity\",\"postDate\":null,\"expiryDate\":null,\"enabled\":0,\"parentId\":null,\"fields\":{\"12\":{\"48\":{\"type\":\"body\",\"enabled\":\"1\",\"fields\":{\"body\":\"<p>I love the command line. So much so that up to 90% of my work is done within the confines of a terminal window. There are countless numbers of editors out there for all systems, but no matter what system I find myself using, I always find myself at home on the command line. It\'s simple, unobtrusive, and fast. And as a developer, these are all things that are immeasurably important to my productivity and workflow.&nbsp;<\\/p>\\r\\n\\r\\n<p>The command line itself has been around since the dawn of computing (or at least since the 1950s) and was one of the first ways people were able to interact with computers on a visual level. As a kid, I remember stumbling on the command line and being frightened by it\'s seemingly overwhelming complexity and power over the operations of the computer (mind you, I grew up with Windows 98, ME, and XP). In earlier operating systems like MS-DOS, the command line was your only interface with the computer. It could be used to open applications, games, or run early versions of programs like excel and word processors.<\\/p>\\r\\n\\r\\n\\r\\n\\r\\n<p>And in this time, the command line has largely remained as it was. A simple, colorless window for commands to be executed. But it\'s more than that. The command line is whatever you want it to be. It can be an editor, activity monitor, or even an RSS Reader. If you have the muster to make it, the command line will do it. In recent years, we\'ve also seen a plethora of command line tools around the NodeJS, Ruby, and Python communities to name a few. Some may argue that the command line is perfect the way it is, and yet others disagree.<\\/p>\"}},\"new1\":{\"type\":\"heading\",\"enabled\":\"1\",\"fields\":{\"heading\":\"Enter HyperTerm\"}},\"new2\":{\"type\":\"body\",\"enabled\":\"1\",\"fields\":{\"body\":\"<p>HyperTerm is a unique solution to the problem of extending the potential of the command line. It\'s built with Electron\'s own blend of HTML, CSS, and JavaScript, which makes it accessible to a much larger portion of the developer population that isn\'t experienced with native application development. Github already did this with their own Atom text editor, and proved that&nbsp;applications built with web technologies can be just as fast and performant as their native counterparts. Just like Atom, HyperTerm can be easily plugged into and extended to do anything that the web can do. If you can build the extension, HyperTerm can emulate it. Packages, plugins and themes are already flowing in at a fast pace, and with more than 6,000 stars on Github since it\'s release almost two weeks ago, the packages are only going to keep flowing in and growing in number. I\'ve even contributed a theme and zsh configuration for it myself, and I\'ve got a few more plugins in the works.<\\/p><p>The best part of HyperTerm, to me is the possibility to take a tool that I use for hours on end every day and extend it into the perfect productivity tool for my development workflow.<\\/p>\"}}},\"3\":\"Terminal Velocity: Enhance Your Command Line Experience With HyperTerm\"}}', '2016-07-27 15:47:23', '2016-07-27 15:47:23', '79caa0db-8202-458e-97b1-443cda96179d'),
 ('58', '47', '6', '1', 'en_us', '3', '', '{\"typeId\":\"6\",\"authorId\":\"1\",\"title\":\"Terminal Velocity\",\"slug\":\"terminal-velocity\",\"postDate\":null,\"expiryDate\":null,\"enabled\":0,\"parentId\":null,\"fields\":{\"12\":{\"48\":{\"type\":\"body\",\"enabled\":\"1\",\"fields\":{\"body\":\"<p>I love the command line. So much so that up to 90% of my work is done within the confines of a terminal window. There are countless numbers of editors out there for all systems, but no matter what system I find myself using, I always find myself at home on the command line. It\'s simple, unobtrusive, and fast. And as a developer, these are all things that are immeasurably important to my productivity and workflow.&nbsp;<\\/p>\\r\\n\\r\\n<p>The command line itself has been around since the dawn of computing (or at least since the 1950s) and was one of the first ways people were able to interact with computers on a visual level. As a kid, I remember stumbling on the command line and being frightened by it\'s seemingly overwhelming complexity and power over the operations of the computer (mind you, I grew up with Windows 98, ME, and XP). In earlier operating systems like MS-DOS, the command line was your only interface with the computer. It could be used to open applications, games, or run early versions of programs like excel and word processors.<\\/p>\\r\\n\\r\\n\\r\\n\\r\\n\\r\\n\\r\\n\\r\\n\\r\\n<p>And in this time, the command line has largely remained as it was. A simple, colorless window for commands to be executed. But it\'s more than that. The command line is whatever you want it to be. It can be an editor, activity monitor, or even an RSS Reader. If you have the muster to make it, the command line will do it. In recent years, we\'ve also seen a plethora of command line tools around the NodeJS, Ruby, and Python communities to name a few. Some may argue that the command line is perfect the way it is, and yet others disagree.<\\/p>\"}},\"49\":{\"type\":\"heading\",\"enabled\":\"1\",\"fields\":{\"heading\":\"Enter HyperTerm\"}},\"50\":{\"type\":\"body\",\"enabled\":\"1\",\"fields\":{\"body\":\"<p>HyperTerm is a unique solution to the problem of extending the potential of the command line. It\'s built with Electron\'s own blend of HTML, CSS, and JavaScript, which makes it accessible to a much larger portion of the developer population that isn\'t experienced with native application development. Github already did this with their own Atom text editor, and proved that&nbsp;applications built with web technologies can be just as fast and performant as their native counterparts. Just like Atom, HyperTerm can be easily plugged into and extended to do anything that the web can do. If you can build the extension, HyperTerm can emulate it. Packages, plugins and themes are already flowing in at a fast pace, and with more than 6,000 stars on Github since it\'s release almost two weeks ago, the packages are only going to keep flowing in and growing in number. I\'ve even contributed a theme and zsh configuration for it myself, and I\'ve got a few more plugins in the works.<\\/p>\\r\\n\\r\\n<p>The best part of HyperTerm, to me is the possibility to take a tool that I use for hours on end every day and extend it into the perfect productivity tool for my development workflow.<\\/p>\"}}},\"3\":\"Terminal Velocity: Enhance Your Command Line Experience With HyperTerm\"}}', '2016-07-27 15:50:06', '2016-07-27 15:50:06', '91066877-f666-4c21-b2f7-a21c1104a74f'),
 ('59', '47', '6', '1', 'en_us', '4', '', '{\"typeId\":\"6\",\"authorId\":\"1\",\"title\":\"Terminal Velocity\",\"slug\":\"terminal-velocity\",\"postDate\":null,\"expiryDate\":null,\"enabled\":0,\"parentId\":null,\"fields\":{\"12\":{\"48\":{\"type\":\"body\",\"enabled\":\"1\",\"fields\":{\"body\":\"<p>I love the command line. So much so that up to 90% of my work is done within the confines of a terminal window. There are countless numbers of editors out there for all systems, but no matter what system I find myself using, I always find myself at home on the command line. It\'s simple, unobtrusive, and fast. And as a developer, these are all things that are immeasurably important to my productivity and workflow.&nbsp;<\\/p>\\r\\n\\r\\n<p>The command line itself has been around since the dawn of computing (or at least since the 1950s) and was one of the first ways people were able to interact with computers on a visual level. As a kid, I remember stumbling on the command line and being frightened by it\'s seemingly overwhelming complexity and power over the operations of the computer (mind you, I grew up with Windows 98, ME, and XP). In earlier operating systems like MS-DOS, the command line was your only interface with the computer. It could be used to open applications, games, or run early versions of programs like excel and word processors.<\\/p>\\r\\n\\r\\n\\r\\n\\r\\n\\r\\n\\r\\n\\r\\n\\r\\n\\r\\n\\r\\n\\r\\n\\r\\n\\r\\n\\r\\n<p>And in this time, the command line has largely remained as it was. A simple, colorless window for commands to be executed. But it\'s more than that. The command line is whatever you want it to be. It can be an editor, activity monitor, or even an RSS Reader. If you have the muster to make it, the command line will do it. In recent years, we\'ve also seen a plethora of command line tools around the NodeJS, Ruby, and Python communities to name a few. Some may argue that the command line is perfect the way it is, and yet others disagree.<\\/p>\"}},\"49\":{\"type\":\"heading\",\"enabled\":\"1\",\"fields\":{\"heading\":\"Enter HyperTerm\"}},\"50\":{\"type\":\"body\",\"enabled\":\"1\",\"fields\":{\"body\":\"<p>HyperTerm is a unique solution to the problem of extending the potential of the command line. It\'s built with Electron\'s own blend of HTML, CSS, and JavaScript, which makes it accessible to a much larger portion of the developer population that isn\'t experienced with native application development. Github already did this with their own Atom text editor, and proved that&nbsp;applications built with web technologies can be just as fast and performant as their native counterparts. Just like Atom, HyperTerm can be easily plugged into and extended to do anything that the web can do. If you can build the extension, HyperTerm can emulate it. Packages, plugins and themes are already flowing in at a fast pace, and with more than 6,000 stars on Github since it\'s release almost two weeks ago, the packages are only going to keep flowing in and growing in number. I\'ve even contributed a theme and zsh configuration for it myself, and I\'ve got a few more plugins in the works.<\\/p>\\r\\n\\r\\n<p>The best part of HyperTerm, to me is the possibility to take a tool that I use for hours on end every day and extend it into the perfect productivity tool for my development workflow.<\\/p>\"}}},\"3\":\"Terminal Velocity: Enhance Your Command Line Experience With HyperTerm\"}}', '2016-07-27 15:56:27', '2016-07-27 15:56:27', 'c2eecf77-41f0-4250-ace2-a178b89bb581');



DROP TABLE IF EXISTS `craft_fieldgroups`;


--
-- Schema for table `craft_fieldgroups`
--
CREATE TABLE `craft_fieldgroups` (
  `id` int(11) NOT NULL AUTO_INCREMENT,
  `name` varchar(255) COLLATE utf8_unicode_ci NOT NULL,
  `dateCreated` datetime NOT NULL,
  `dateUpdated` datetime NOT NULL,
  `uid` char(36) COLLATE utf8_unicode_ci NOT NULL DEFAULT '0',
  PRIMARY KEY (`id`),
  UNIQUE KEY `craft_fieldgroups_name_unq_idx` (`name`)
) ENGINE=InnoDB AUTO_INCREMENT=3 DEFAULT CHARSET=utf8 COLLATE=utf8_unicode_ci;

--
-- Data for table `craft_fieldgroups`
--

INSERT INTO `craft_fieldgroups` (`id`, `name`, `dateCreated`, `dateUpdated`, `uid`) VALUES
 ('1', 'Default', '2016-05-24 21:48:18', '2016-05-24 21:48:18', 'df2decb6-061f-4a57-bb5f-1b26daa46c21'),
 ('2', 'Template Blog', '2016-05-25 22:44:57', '2016-05-25 22:44:57', 'bc6a0f1b-b392-4610-8118-c39ca8e6ac1c');



DROP TABLE IF EXISTS `craft_fieldlayoutfields`;


--
-- Schema for table `craft_fieldlayoutfields`
--
CREATE TABLE `craft_fieldlayoutfields` (
  `id` int(11) NOT NULL AUTO_INCREMENT,
  `layoutId` int(11) NOT NULL,
  `tabId` int(11) NOT NULL,
  `fieldId` int(11) NOT NULL,
  `required` tinyint(1) unsigned NOT NULL DEFAULT '0',
  `sortOrder` smallint(6) unsigned DEFAULT NULL,
  `dateCreated` datetime NOT NULL,
  `dateUpdated` datetime NOT NULL,
  `uid` char(36) COLLATE utf8_unicode_ci NOT NULL DEFAULT '0',
  PRIMARY KEY (`id`),
  UNIQUE KEY `craft_fieldlayoutfields_layoutId_fieldId_unq_idx` (`layoutId`,`fieldId`),
  KEY `craft_fieldlayoutfields_sortOrder_idx` (`sortOrder`),
  KEY `craft_fieldlayoutfields_tabId_fk` (`tabId`),
  KEY `craft_fieldlayoutfields_fieldId_fk` (`fieldId`)
) ENGINE=InnoDB AUTO_INCREMENT=42 DEFAULT CHARSET=utf8 COLLATE=utf8_unicode_ci;

--
-- Data for table `craft_fieldlayoutfields`
--

INSERT INTO `craft_fieldlayoutfields` (`id`, `layoutId`, `tabId`, `fieldId`, `required`, `sortOrder`, `dateCreated`, `dateUpdated`, `uid`) VALUES
 ('14', '21', '8', '6', '0', '1', '2016-05-26 20:24:49', '2016-05-26 20:24:49', '4d6f6338-3f24-4008-adfa-1a736b6174d4'),
 ('15', '22', '9', '5', '0', '1', '2016-05-26 20:25:03', '2016-05-26 20:25:03', '94ad21bb-29c3-44e8-bbb3-add7dcceb255'),
 ('16', '28', '10', '8', '0', '1', '2016-05-27 00:24:31', '2016-05-27 00:24:31', 'f4d24c4e-22c6-4fa1-b468-35166ffab208'),
 ('17', '28', '10', '9', '0', '2', '2016-05-27 00:24:31', '2016-05-27 00:24:31', '5ceda36c-babd-4667-b3b0-87f1e7e0d095'),
 ('19', '31', '12', '10', '0', '1', '2016-05-27 23:30:48', '2016-05-27 23:30:48', 'd5002ef1-8d39-45bd-8d77-078962244370'),
 ('20', '31', '12', '11', '0', '2', '2016-05-27 23:30:48', '2016-05-27 23:30:48', '6ad27108-0b14-45f0-affd-fc123bfb605e'),
 ('23', '34', '14', '7', '0', '1', '2016-05-29 20:45:57', '2016-05-29 20:45:57', '056074d0-9ea7-4a83-ac95-f4daaa57d07d'),
 ('29', '38', '18', '3', '0', '1', '2016-06-02 00:26:00', '2016-06-02 00:26:00', '379e6aba-01b4-4298-b248-d57021fa2773'),
 ('30', '38', '18', '12', '0', '2', '2016-06-02 00:26:00', '2016-06-02 00:26:00', '3f45ef66-6e91-4f61-960e-44075bc6b226'),
 ('34', '40', '20', '3', '0', '1', '2016-06-02 23:40:03', '2016-06-02 23:40:03', '96f8b6d8-f788-487d-a3cc-44a87278eae3'),
 ('35', '40', '20', '12', '0', '2', '2016-06-02 23:40:03', '2016-06-02 23:40:03', '09f4911b-09f0-4b64-a792-aa7bc0fc362a'),
 ('39', '45', '24', '13', '0', '1', '2016-06-13 12:34:28', '2016-06-13 12:34:28', '878fa284-1eb7-4502-98d2-d90ace517c4e'),
 ('40', '46', '25', '14', '0', '1', '2016-06-13 12:34:28', '2016-06-13 12:34:28', '81955a65-0ab2-4dbc-a5e9-78218087cddc'),
 ('41', '47', '26', '15', '0', '1', '2016-06-13 12:34:28', '2016-06-13 12:34:28', 'f3d1b173-2b99-42d1-9780-e4b934095d67');



DROP TABLE IF EXISTS `craft_fieldlayouts`;


--
-- Schema for table `craft_fieldlayouts`
--
CREATE TABLE `craft_fieldlayouts` (
  `id` int(11) NOT NULL AUTO_INCREMENT,
  `type` varchar(150) COLLATE utf8_unicode_ci NOT NULL,
  `dateCreated` datetime NOT NULL,
  `dateUpdated` datetime NOT NULL,
  `uid` char(36) COLLATE utf8_unicode_ci NOT NULL DEFAULT '0',
  PRIMARY KEY (`id`),
  KEY `craft_fieldlayouts_type_idx` (`type`)
) ENGINE=InnoDB AUTO_INCREMENT=48 DEFAULT CHARSET=utf8 COLLATE=utf8_unicode_ci;

--
-- Data for table `craft_fieldlayouts`
--

INSERT INTO `craft_fieldlayouts` (`id`, `type`, `dateCreated`, `dateUpdated`, `uid`) VALUES
 ('1', 'Tag', '2016-05-24 21:48:18', '2016-05-24 21:48:18', '933184cc-43ee-44ab-9503-193b5517a3f3'),
 ('20', 'Asset', '2016-05-26 20:18:27', '2016-05-26 20:18:27', 'bd8d7017-043c-4a9e-9862-dabfc25d8086'),
 ('21', 'MatrixBlock', '2016-05-26 20:24:49', '2016-05-26 20:24:49', 'fe5170ae-1dc6-4956-a64e-3fd8fa5fef15'),
 ('22', 'GlobalSet', '2016-05-26 20:25:03', '2016-05-26 20:25:03', '02d1985c-a42e-48a6-91f8-24e3384af65b'),
 ('23', 'GlobalSet', '2016-05-26 20:25:07', '2016-05-26 20:25:07', '365522c7-b2c5-4416-b936-0aed86973def'),
 ('27', 'Asset', '2016-05-26 23:01:52', '2016-05-26 23:01:52', '353f510a-e3d5-440f-9ca3-a878de0298e9'),
 ('28', 'MatrixBlock', '2016-05-27 00:24:31', '2016-05-27 00:24:31', 'fe892045-fc03-4cc7-a666-8796eeb8611b'),
 ('31', 'GlobalSet', '2016-05-27 23:30:48', '2016-05-27 23:30:48', 'dd934591-d812-4fb2-83b3-c745e4c65020'),
 ('33', 'Entry', '2016-05-29 20:45:43', '2016-05-29 20:45:43', '25875a24-335a-46c8-af0e-3484129de38c'),
 ('34', 'Entry', '2016-05-29 20:45:57', '2016-05-29 20:45:57', '6f167267-6a69-46be-bd30-a4cbec9606cb'),
 ('38', 'Entry', '2016-06-02 00:26:00', '2016-06-02 00:26:00', 'c02fb8be-fac7-40c9-be13-8cedbe66664a'),
 ('40', 'Entry', '2016-06-02 23:40:03', '2016-06-02 23:40:03', '34a0c290-7e45-4b1b-b7cd-628a6ed65735'),
 ('44', 'Asset', '2016-06-13 12:14:58', '2016-06-13 12:14:58', 'c6d72639-bda0-41c3-94f0-8395abf271f7'),
 ('45', 'MatrixBlock', '2016-06-13 12:34:28', '2016-06-13 12:34:28', '0960a3e7-64a4-4232-b646-7659de953fb9'),
 ('46', 'MatrixBlock', '2016-06-13 12:34:28', '2016-06-13 12:34:28', '1ef8c8e2-5676-4821-86ef-a1b00b04809e'),
 ('47', 'MatrixBlock', '2016-06-13 12:34:28', '2016-06-13 12:34:28', '03b4d816-18e4-4edc-80b8-96b36d684527');



DROP TABLE IF EXISTS `craft_fieldlayouttabs`;


--
-- Schema for table `craft_fieldlayouttabs`
--
CREATE TABLE `craft_fieldlayouttabs` (
  `id` int(11) NOT NULL AUTO_INCREMENT,
  `layoutId` int(11) NOT NULL,
  `name` varchar(255) COLLATE utf8_unicode_ci NOT NULL,
  `sortOrder` smallint(6) unsigned DEFAULT NULL,
  `dateCreated` datetime NOT NULL,
  `dateUpdated` datetime NOT NULL,
  `uid` char(36) COLLATE utf8_unicode_ci NOT NULL DEFAULT '0',
  PRIMARY KEY (`id`),
  KEY `craft_fieldlayouttabs_sortOrder_idx` (`sortOrder`),
  KEY `craft_fieldlayouttabs_layoutId_fk` (`layoutId`)
) ENGINE=InnoDB AUTO_INCREMENT=27 DEFAULT CHARSET=utf8 COLLATE=utf8_unicode_ci;

--
-- Data for table `craft_fieldlayouttabs`
--

INSERT INTO `craft_fieldlayouttabs` (`id`, `layoutId`, `name`, `sortOrder`, `dateCreated`, `dateUpdated`, `uid`) VALUES
 ('8', '21', 'Content', '1', '2016-05-26 20:24:49', '2016-05-26 20:24:49', 'eb9bdc70-08d3-4ffd-82a1-57738a0642d0'),
 ('9', '22', 'Content', '1', '2016-05-26 20:25:03', '2016-05-26 20:25:03', '3f20798a-9982-4d1a-b712-80410b033858'),
 ('10', '28', 'Content', '1', '2016-05-27 00:24:31', '2016-05-27 00:24:31', '50f79613-e84c-42cc-a706-ae0f524b0c7f'),
 ('12', '31', 'Content', '1', '2016-05-27 23:30:48', '2016-05-27 23:30:48', '2a0f5184-787b-4203-a48b-23e431650065'),
 ('14', '34', 'Content', '1', '2016-05-29 20:45:57', '2016-05-29 20:45:57', 'b3bad54f-948e-4233-abf8-bff112e82b52'),
 ('18', '38', 'Tab 1', '1', '2016-06-02 00:26:00', '2016-06-02 00:26:00', 'f9bb2746-8eae-4eb9-b4f2-3481cc8d63eb'),
 ('20', '40', 'Content', '1', '2016-06-02 23:40:03', '2016-06-02 23:40:03', 'f2810f70-d522-49af-bdbd-d888dcd4a5d7'),
 ('24', '45', 'Content', '1', '2016-06-13 12:34:28', '2016-06-13 12:34:28', '1883dcc2-1711-4c2a-84d8-c6146c24f41e'),
 ('25', '46', 'Content', '1', '2016-06-13 12:34:28', '2016-06-13 12:34:28', 'fcfa07e3-2cf9-45a5-94a1-8f841fbacbef'),
 ('26', '47', 'Content', '1', '2016-06-13 12:34:28', '2016-06-13 12:34:28', 'e9956db8-0884-4f10-9518-4f235d2574bc');



DROP TABLE IF EXISTS `craft_fields`;


--
-- Schema for table `craft_fields`
--
CREATE TABLE `craft_fields` (
  `id` int(11) NOT NULL AUTO_INCREMENT,
  `groupId` int(11) DEFAULT NULL,
  `name` varchar(255) COLLATE utf8_unicode_ci NOT NULL,
  `handle` varchar(58) COLLATE utf8_unicode_ci NOT NULL,
  `context` varchar(255) COLLATE utf8_unicode_ci NOT NULL DEFAULT 'global',
  `instructions` text COLLATE utf8_unicode_ci,
  `translatable` tinyint(1) unsigned NOT NULL DEFAULT '0',
  `type` varchar(150) COLLATE utf8_unicode_ci NOT NULL,
  `settings` text COLLATE utf8_unicode_ci,
  `dateCreated` datetime NOT NULL,
  `dateUpdated` datetime NOT NULL,
  `uid` char(36) COLLATE utf8_unicode_ci NOT NULL DEFAULT '0',
  PRIMARY KEY (`id`),
  UNIQUE KEY `craft_fields_handle_context_unq_idx` (`handle`,`context`),
  KEY `craft_fields_context_idx` (`context`),
  KEY `craft_fields_groupId_fk` (`groupId`)
) ENGINE=InnoDB AUTO_INCREMENT=16 DEFAULT CHARSET=utf8 COLLATE=utf8_unicode_ci;

--
-- Data for table `craft_fields`
--

INSERT INTO `craft_fields` (`id`, `groupId`, `name`, `handle`, `context`, `instructions`, `translatable`, `type`, `settings`, `dateCreated`, `dateUpdated`, `uid`) VALUES
 ('3', '2', 'Heading', 'heading', 'global', '', '0', 'PlainText', '{\"placeholder\":\"\",\"maxLength\":\"\",\"multiline\":\"\",\"initialRows\":\"4\"}', '2016-05-25 22:45:12', '2016-05-25 22:45:12', '71135786-d83b-4aac-9e54-7dd2213951fe'),
 ('4', '2', 'Body', 'body', 'global', '', '0', 'RichText', '{\"configFile\":\"\",\"availableAssetSources\":\"*\",\"availableTransforms\":\"*\",\"cleanupHtml\":\"1\",\"purifyHtml\":\"1\",\"columnType\":\"text\"}', '2016-05-25 22:45:28', '2016-05-26 20:13:39', '41069b2f-e27d-481a-8a59-a70cae8686da'),
 ('5', '1', 'Navigation', 'navigation', 'global', '', '0', 'Matrix', '{\"maxBlocks\":\"4\"}', '2016-05-26 20:24:49', '2016-05-26 20:24:49', '133ed508-c635-40eb-8db2-a25ff91a4df0'),
 ('6', NULL, 'Link URL', 'linkUrl', 'matrixBlockType:1', '', '0', 'PlainText', '{\"placeholder\":\"\",\"maxLength\":\"\",\"multiline\":\"\",\"initialRows\":\"4\"}', '2016-05-26 20:24:49', '2016-05-26 20:24:49', '05b8a3b5-0565-4309-89d3-7308bc137c94'),
 ('7', '1', 'Project Container', 'projectContainer', 'global', '', '0', 'Matrix', '{\"maxBlocks\":null}', '2016-05-27 00:24:31', '2016-05-27 00:24:31', '5335dd39-41b7-46a2-b0f2-c30ff66e0b1e'),
 ('8', NULL, 'Heading', 'heading', 'matrixBlockType:2', '', '0', 'PlainText', '{\"placeholder\":\"\",\"maxLength\":\"\",\"multiline\":\"\",\"initialRows\":\"4\"}', '2016-05-27 00:24:31', '2016-05-27 00:24:31', 'eaa0e382-985e-4ad4-b5b9-a3278dd0bc93'),
 ('9', NULL, 'Body', 'body', 'matrixBlockType:2', '', '0', 'RichText', '{\"configFile\":\"\",\"availableAssetSources\":\"*\",\"availableTransforms\":\"*\",\"cleanupHtml\":\"1\",\"purifyHtml\":\"1\",\"columnType\":\"text\"}', '2016-05-27 00:24:31', '2016-05-27 00:24:31', '7faf1b72-fc1e-4a8b-89c3-36f84dfc604a'),
 ('10', '1', 'Feed Author Name', 'feedAuthorName', 'global', '', '0', 'PlainText', '{\"placeholder\":\"\",\"maxLength\":\"\",\"multiline\":\"\",\"initialRows\":\"4\"}', '2016-05-27 23:30:29', '2016-05-27 23:30:29', 'f0e327fd-ebd6-4eae-917c-20e52e3b90ed'),
 ('11', '1', 'Feed Author Email', 'feedAuthorEmail', 'global', '', '0', 'PlainText', '{\"placeholder\":\"\",\"maxLength\":\"\",\"multiline\":\"\",\"initialRows\":\"4\"}', '2016-05-27 23:30:36', '2016-05-27 23:30:36', '6b583975-9dd6-4a26-a112-af28457e9a2c'),
 ('12', '2', 'Content Section', 'contentSection', 'global', '', '0', 'Matrix', '{\"maxBlocks\":null}', '2016-06-02 00:24:24', '2016-06-13 12:34:28', 'e3919f00-d776-44c0-ba85-650f3c5a213b'),
 ('13', NULL, 'Heading', 'heading', 'matrixBlockType:3', '', '0', 'PlainText', '{\"placeholder\":\"\",\"maxLength\":\"\",\"multiline\":\"\",\"initialRows\":\"4\"}', '2016-06-02 00:24:24', '2016-06-13 12:34:28', 'fbf91496-7762-4204-be0c-a4cc7011b110'),
 ('14', NULL, 'Body', 'body', 'matrixBlockType:4', '', '0', 'RichText', '{\"configFile\":\"Standard.json\",\"availableAssetSources\":\"*\",\"availableTransforms\":\"*\",\"cleanupHtml\":\"\",\"purifyHtml\":\"1\",\"columnType\":\"text\"}', '2016-06-02 00:24:24', '2016-06-13 12:34:28', '0af85e23-8951-406b-a854-ce3470166c74'),
 ('15', NULL, 'Script', 'script', 'matrixBlockType:5', '', '0', 'PlainText', '{\"placeholder\":\"\",\"maxLength\":\"\",\"multiline\":\"1\",\"initialRows\":\"4\"}', '2016-06-04 15:47:57', '2016-06-13 12:34:28', '9ae65edc-b6b6-4fdc-9c03-dcc7154d5f54');



DROP TABLE IF EXISTS `craft_globalsets`;


--
-- Schema for table `craft_globalsets`
--
CREATE TABLE `craft_globalsets` (
  `id` int(11) NOT NULL,
  `name` varchar(255) COLLATE utf8_unicode_ci NOT NULL,
  `handle` varchar(255) COLLATE utf8_unicode_ci NOT NULL,
  `fieldLayoutId` int(10) DEFAULT NULL,
  `dateCreated` datetime NOT NULL,
  `dateUpdated` datetime NOT NULL,
  `uid` char(36) COLLATE utf8_unicode_ci NOT NULL DEFAULT '0',
  PRIMARY KEY (`id`),
  UNIQUE KEY `craft_globalsets_name_unq_idx` (`name`),
  UNIQUE KEY `craft_globalsets_handle_unq_idx` (`handle`),
  KEY `craft_globalsets_fieldLayoutId_fk` (`fieldLayoutId`)
) ENGINE=InnoDB DEFAULT CHARSET=utf8 COLLATE=utf8_unicode_ci;

--
-- Data for table `craft_globalsets`
--

INSERT INTO `craft_globalsets` (`id`, `name`, `handle`, `fieldLayoutId`, `dateCreated`, `dateUpdated`, `uid`) VALUES
 ('8', 'Header', 'header', '22', '2016-05-26 20:25:03', '2016-05-26 20:25:03', '29b34d7e-c1d9-4935-9155-59ae01032058'),
 ('9', 'Footer', 'footer', '23', '2016-05-26 20:25:07', '2016-05-26 20:25:07', '92e31f2b-b62c-42ba-b9cf-1ee5ec53d728'),
 ('18', 'Globals', 'globals', '31', '2016-05-27 23:30:14', '2016-05-27 23:30:48', 'a6e1255c-f066-4b55-bc04-b09c9adb774f');



DROP TABLE IF EXISTS `craft_info`;


--
-- Schema for table `craft_info`
--
CREATE TABLE `craft_info` (
  `id` int(11) NOT NULL AUTO_INCREMENT,
  `version` varchar(15) COLLATE utf8_unicode_ci NOT NULL,
  `build` int(11) unsigned NOT NULL,
  `schemaVersion` varchar(15) COLLATE utf8_unicode_ci NOT NULL,
  `releaseDate` datetime NOT NULL,
  `edition` tinyint(1) unsigned NOT NULL DEFAULT '0',
  `siteName` varchar(100) COLLATE utf8_unicode_ci NOT NULL,
  `siteUrl` varchar(255) COLLATE utf8_unicode_ci NOT NULL,
  `timezone` varchar(30) COLLATE utf8_unicode_ci DEFAULT NULL,
  `on` tinyint(1) unsigned NOT NULL DEFAULT '0',
  `maintenance` tinyint(1) unsigned NOT NULL DEFAULT '0',
  `track` varchar(40) COLLATE utf8_unicode_ci NOT NULL,
  `dateCreated` datetime NOT NULL,
  `dateUpdated` datetime NOT NULL,
  `uid` char(36) COLLATE utf8_unicode_ci NOT NULL DEFAULT '0',
  PRIMARY KEY (`id`)
) ENGINE=InnoDB AUTO_INCREMENT=2 DEFAULT CHARSET=utf8 COLLATE=utf8_unicode_ci;

--
-- Data for table `craft_info`
--

INSERT INTO `craft_info` (`id`, `version`, `build`, `schemaVersion`, `releaseDate`, `edition`, `siteName`, `siteUrl`, `timezone`, `on`, `maintenance`, `track`, `dateCreated`, `dateUpdated`, `uid`) VALUES
 ('1', '2.6', '2788', '2.6.5', '2016-05-20 00:37:05', '0', 'Tyler Reckart', 'http://tylerreckart.com', 'UTC', '1', '1', 'stable', '2016-05-24 21:48:13', '2016-07-27 16:01:32', 'ab646f72-a11b-43fb-becf-87d2682d4eb6');



DROP TABLE IF EXISTS `craft_locales`;


--
-- Schema for table `craft_locales`
--
CREATE TABLE `craft_locales` (
  `locale` char(12) COLLATE utf8_unicode_ci NOT NULL,
  `sortOrder` smallint(6) unsigned DEFAULT NULL,
  `dateCreated` datetime NOT NULL,
  `dateUpdated` datetime NOT NULL,
  `uid` char(36) COLLATE utf8_unicode_ci NOT NULL DEFAULT '0',
  PRIMARY KEY (`locale`),
  KEY `craft_locales_sortOrder_idx` (`sortOrder`)
) ENGINE=InnoDB DEFAULT CHARSET=utf8 COLLATE=utf8_unicode_ci;

--
-- Data for table `craft_locales`
--

INSERT INTO `craft_locales` (`locale`, `sortOrder`, `dateCreated`, `dateUpdated`, `uid`) VALUES
 ('en_us', '1', '2016-05-24 21:48:13', '2016-05-24 21:48:13', '7a565eb6-43fb-4506-ac32-8f237958c850');



DROP TABLE IF EXISTS `craft_matrixblocks`;


--
-- Schema for table `craft_matrixblocks`
--
CREATE TABLE `craft_matrixblocks` (
  `id` int(11) NOT NULL,
  `ownerId` int(11) NOT NULL,
  `fieldId` int(11) NOT NULL,
  `typeId` int(11) DEFAULT NULL,
  `sortOrder` smallint(6) unsigned DEFAULT NULL,
  `ownerLocale` char(12) COLLATE utf8_unicode_ci DEFAULT NULL,
  `dateCreated` datetime NOT NULL,
  `dateUpdated` datetime NOT NULL,
  `uid` char(36) COLLATE utf8_unicode_ci NOT NULL DEFAULT '0',
  PRIMARY KEY (`id`),
  KEY `craft_matrixblocks_ownerId_idx` (`ownerId`),
  KEY `craft_matrixblocks_fieldId_idx` (`fieldId`),
  KEY `craft_matrixblocks_typeId_idx` (`typeId`),
  KEY `craft_matrixblocks_sortOrder_idx` (`sortOrder`),
  KEY `craft_matrixblocks_ownerLocale_fk` (`ownerLocale`)
) ENGINE=InnoDB DEFAULT CHARSET=utf8 COLLATE=utf8_unicode_ci;

--
-- Data for table `craft_matrixblocks`
--

INSERT INTO `craft_matrixblocks` (`id`, `ownerId`, `fieldId`, `typeId`, `sortOrder`, `ownerLocale`, `dateCreated`, `dateUpdated`, `uid`) VALUES
 ('17', '5', '7', '2', '1', NULL, '2016-05-27 00:25:38', '2016-06-13 12:19:57', 'bb091242-14a5-478c-b9ba-ca33958905ff'),
 ('22', '5', '7', '2', '2', NULL, '2016-05-31 13:34:17', '2016-06-13 12:19:57', '6a59bb48-bb56-456d-b519-2230dd87665d'),
 ('23', '21', '12', '4', '1', NULL, '2016-06-02 00:25:44', '2016-06-02 00:30:38', 'a1faf8d7-13e6-45d6-aa69-27b799d19bd9'),
 ('25', '4', '12', '4', '1', NULL, '2016-06-02 23:22:19', '2016-06-04 18:18:07', '50c7c060-d31f-4a5e-b5b2-30af5f510405'),
 ('26', '4', '12', '3', '2', NULL, '2016-06-02 23:22:19', '2016-06-04 18:18:07', 'aa9474b1-b685-4fc7-b827-bc013cb618c5'),
 ('27', '4', '12', '4', '3', NULL, '2016-06-02 23:22:19', '2016-06-04 18:18:07', '63388446-c2b5-43f6-990a-8e91544740de'),
 ('48', '47', '12', '4', '1', NULL, '2016-07-27 15:27:10', '2016-07-27 15:56:27', 'ade8bbd8-da10-411a-8bd6-06366326f359'),
 ('49', '47', '12', '3', '2', NULL, '2016-07-27 15:47:23', '2016-07-27 15:56:27', 'a4a2ec28-b22d-4894-9e4b-453d15970534'),
 ('50', '47', '12', '4', '3', NULL, '2016-07-27 15:47:23', '2016-07-27 15:56:27', '9cab1e74-cd23-4546-ad73-7319da274230');



DROP TABLE IF EXISTS `craft_matrixblocktypes`;


--
-- Schema for table `craft_matrixblocktypes`
--
CREATE TABLE `craft_matrixblocktypes` (
  `id` int(11) NOT NULL AUTO_INCREMENT,
  `fieldId` int(11) NOT NULL,
  `fieldLayoutId` int(11) DEFAULT NULL,
  `name` varchar(255) COLLATE utf8_unicode_ci NOT NULL,
  `handle` varchar(255) COLLATE utf8_unicode_ci NOT NULL,
  `sortOrder` smallint(6) unsigned DEFAULT NULL,
  `dateCreated` datetime NOT NULL,
  `dateUpdated` datetime NOT NULL,
  `uid` char(36) COLLATE utf8_unicode_ci NOT NULL DEFAULT '0',
  PRIMARY KEY (`id`),
  UNIQUE KEY `craft_matrixblocktypes_name_fieldId_unq_idx` (`name`,`fieldId`),
  UNIQUE KEY `craft_matrixblocktypes_handle_fieldId_unq_idx` (`handle`,`fieldId`),
  KEY `craft_matrixblocktypes_fieldId_fk` (`fieldId`),
  KEY `craft_matrixblocktypes_fieldLayoutId_fk` (`fieldLayoutId`)
) ENGINE=InnoDB AUTO_INCREMENT=6 DEFAULT CHARSET=utf8 COLLATE=utf8_unicode_ci;

--
-- Data for table `craft_matrixblocktypes`
--

INSERT INTO `craft_matrixblocktypes` (`id`, `fieldId`, `fieldLayoutId`, `name`, `handle`, `sortOrder`, `dateCreated`, `dateUpdated`, `uid`) VALUES
 ('1', '5', '21', 'Nav Item', 'navItem', '1', '2016-05-26 20:24:49', '2016-05-26 20:24:49', 'd3176aa4-047b-4291-a6c7-4bbf110fe4a2'),
 ('2', '7', '28', 'Project', 'project', '1', '2016-05-27 00:24:31', '2016-05-27 00:24:31', 'd82caaf6-bd3d-41e2-ab31-b72e2cda4934'),
 ('3', '12', '45', 'Heading', 'heading', '1', '2016-06-02 00:24:24', '2016-06-13 12:34:28', '64001786-d5bf-4234-a467-6d2c309f29c9'),
 ('4', '12', '46', 'Body', 'body', '2', '2016-06-02 00:24:24', '2016-06-13 12:34:28', 'fe2c26e5-fc6d-4437-a476-9023965183db'),
 ('5', '12', '47', 'Embed', 'embed', '3', '2016-06-04 15:47:56', '2016-06-13 12:34:28', '0995abe5-3f55-4710-993d-bc448261da82');



DROP TABLE IF EXISTS `craft_matrixcontent_contentsection`;


--
-- Schema for table `craft_matrixcontent_contentsection`
--
CREATE TABLE `craft_matrixcontent_contentsection` (
  `id` int(11) NOT NULL AUTO_INCREMENT,
  `elementId` int(11) NOT NULL,
  `locale` char(12) COLLATE utf8_unicode_ci NOT NULL,
  `field_heading_heading` text COLLATE utf8_unicode_ci,
  `field_body_body` text COLLATE utf8_unicode_ci,
  `field_embed_script` text COLLATE utf8_unicode_ci,
  `dateCreated` datetime NOT NULL,
  `dateUpdated` datetime NOT NULL,
  `uid` char(36) COLLATE utf8_unicode_ci NOT NULL DEFAULT '0',
  PRIMARY KEY (`id`),
  UNIQUE KEY `craft_matrixcontent_contentsection_elementId_locale_unq_idx` (`elementId`,`locale`),
  KEY `craft_matrixcontent_contentsection_locale_fk` (`locale`)
) ENGINE=InnoDB AUTO_INCREMENT=23 DEFAULT CHARSET=utf8 COLLATE=utf8_unicode_ci;

--
-- Data for table `craft_matrixcontent_contentsection`
--

INSERT INTO `craft_matrixcontent_contentsection` (`id`, `elementId`, `locale`, `field_heading_heading`, `field_body_body`, `field_embed_script`, `dateCreated`, `dateUpdated`, `uid`) VALUES
 ('1', '20', 'en_us', NULL, '<p>Quisque vel massa gravida, eleifend turpis vitae, fermentum turpis. In hac habitasse platea dictumst. Ut at risus eu turpis sagittis aliquet. Aliquam aliquet metus mattis eros dapibus, sed mattis urna viverra. Integer rutrum sodales ornare. Integer sed lacinia nulla. Maecenas mattis sagittis congue. Sed ac turpis et risus pulvinar condimentum.</p>', NULL, '2016-05-30 21:59:47', '2016-05-31 16:57:21', 'cf2853c6-6953-42a6-acb4-327d0d92ce12'),
 ('3', '23', 'en_us', NULL, '<p>Great teams are built on the principles of learning and collaboration and you’ll often find developers that have a deep understanding of design principles, and designers that aren’t afraid to sit in front of an editor and hack away. Generalists, in the web design world are a unique mixture of design and development, leading to a better understanding of the nuances of our respective crafts and in turn, better collaboration.</p>\n\n<p>For the first few years of my career I solely defined myself as a designer. I worked on everything from interfaces to branding, and while I had a working knowledge of HTML and CSS, that’s as far as my engineering experienced stretched.</p>\n\n\n\n<p>For a couple of years, that’s all the experience that I needed; then things changed. I started to feel like the work I was doing wasn’t good enough. No matter how hard I worked or how many hours I put in, it just wasn’t enough. I got frustrated with the industry and burnt out. I decided to take some time off, which would slowly turn from a little time off into a few years off. I pursued other opportunities, went to college, left college, and eventually found myself right back where I had started.</p>\n\n\n\n<p>I was at a crossroads. During the time that I wasn’t actively working in the tech industry I still kept up on emerging practices and technologies. I had seen the internet evolve over those few years. I watched the rise of frameworks like React and Angular. I saw as JavaScript went from being a utility language to dominating the face of frontend development. It was like I was standing at the top of a waterfall, I could continue to observe, or I could take a risk and jump in.</p>\n\n\n\n<p>I jumped in and fell in love.</p>\n\n\n\n<p>Code went from being a clunky way of making my designs functional to being at the core of what I do. While I may no longer spend my days deep in the depths of interfaces or manipulating paths at 6400% to get an icon just right, I still incorporate the foundations of design that I learned all those years ago into my everyday work. My experience as a designer has immeasurably influenced the way I work as a developer. For years the trope in the the industry has been for designers to learn to code, but that’s only half of the problem. Developers need to understand design principles, too. Understanding what we do from both sides has benefits that go way beyond being able to mock up a webpage or interface element in Sketch.</p>\n\n\n\n<p>Focusing on improving our non-technical skills is how we become better developers. Having insight into why a particular design decision was made allows us to adapt the way we write software for the demands of each unique problem that we may face along the way. The same goes for designers. Nothing is more toxic to the outcome of a project than conflicts between the design and development teams. Conflict is like a brick wall in our industry, and in far too many teams that wall is an immovable object surrounded on either side by an unstoppable force.</p>\n\n\n\n<p>Understanding each other’s point of view allows us to work together. It encourages us to tear down that wall, brick by brick, until no barriers remain. Understanding is the gateway to collaboration, discussion, and teamwork, which enables us to have fun and productive discussions that lead to unique experiences, innovative features, and a better final product. Most of all, it enables us to love what we do. And the more we love what we do, the less we are at risk for burning out. And trust me, it’s not fun.</p>\n\n\n\n<p>At Authentic Form &amp; Function, we embrace the the concept of the generalist. We all wear many hats, and you can see that through our work. Helping clients understand the unique problems and solutions to their projects will not only lead to better communication, but to better collaboration on both sides. Great designers and developers alike know that creativity is at the cornerstone of what they do. Embrace your creativity. Learn what your colleagues think. Discuss, collaborate, and make. Do this and an endless number of doors will open.</p>\n\n<hr /><p><em>This post originally appeared on the <a href=\"http://authenticff.com/journal\" target=\"_blank\">Authentic Form &amp; Function</a> journal</em><em>.</em><br /></p>', NULL, '2016-06-02 00:25:44', '2016-06-02 00:30:38', '8685aec1-7549-4635-8e82-da5e8685c2ea'),
 ('5', '25', 'en_us', NULL, '<p>Tyler Reckart is a <a href=\"http://github.com/tylerreckart\">front-end developer</a> and <a href=\"http://dribbble.com/tylerreckart\">designer</a>. He thinks a lot about how to build tools that <a href=\"http://github.com/tylerreckart/odin\">improve your workflow</a> and increase productivity. He works a lot with languages like JavaScript, PHP, Twig, and Elm, and is constantly continuing his education exploring new languages and tools. <em>He is currently making his way through the world of functional programming through Haskell.</em> <br /></p>\n\n\n\n\n\n\n\n<p>Tyler started his career as a self-taught designer, working primarily on mobile/web interfaces. The skills that he accumulated working on freelance projects landed him a role with <a href=\"http://qui.lt\">Quilt</a> along side their creative director to help bring the company\'s vision to life. Quilt was, in a time before privacy was the standard among social media platforms, an innovative social network that helped to pave the way for privacy in social media. </p>\n\n\n\n\n\n\n\n\n\n\n\n<p>After parting ways with the Quilt team, he shifted his focus from design to his studies, and decided to take a hiatus from the tech industry. In that time he focused on studying the nature of mathematics and philosophy. A few years passed, and he returned to the industry reinvigorated and with a passion for software development. </p>\n\n\n\n\n\n\n\n\n\n\n\n<p>He currently is working with the awesome team at <a href=\"http://authenticff.com\">Authentic Form &amp; Function</a>, working with companies to turn their visions for the web into a reality while helping to shape and promote the principals of remote work. While he isn\'t sitting behind a keyboard or writing about himself the third person, he enjoys carving through the streets of Greenville, South Carolina on the wheels of a skateboard and building his ever-growing collection of comic books.  </p>', NULL, '2016-06-02 23:22:19', '2016-06-04 18:18:07', '4ae298ca-b1ff-4008-be46-76fdf7db7634'),
 ('6', '26', 'en_us', 'About the site', NULL, NULL, '2016-06-02 23:22:19', '2016-06-04 18:18:07', '5a268055-97f2-45dc-bcc5-4712a3eb9923'),
 ('7', '27', 'en_us', NULL, '<p>This URL has been the home for my online presence for many years. It\'s gone through several phases. At times it has been a blog, at others a portfolio. The current design was created with simplicity in mind. It serves as an outlet for my design and development related thoughts as well as the occasional cross-post from my company\'s journal on remote work/life/balance.</p>\n\n<p>In case you were wondering, this site is:</p>\n\n\n\n\n\n\n\n\n\n\n\n<ul><li>Designed and built on a Macbook Pro in Greenville, South Carolina</li><li>Coded with Vim</li><li>Built on <a href=\"http://craftcms.com\">Craft</a>, an open source no-nonsense CMS</li><li>Hosted on a custom <a href=\"http://linode.com\">Linode</a> server</li><li>99% <a href=\"https://github.com/tylerreckart/tylerreckart.com\">open source</a></li></ul><p>The 1% of the site that isn\'t open source has to do with a few deployment scripts and files that would contain sensitive data for accessing my server. I think you can understand why I wouldn\'t want that out in the open.</p>\n\n\n\n\n\n\n\n\n\n\n\n<p>For questions, comments, or inquiries, please contact me on <a href=\"http://twitter.com/tylerreckart\">Twitter</a>. Though, if you\'d rather do it the old fashioned way, I can be reached via email at tyler dot reckart at gmail dot com. </p>', NULL, '2016-06-02 23:22:19', '2016-06-04 18:18:07', 'e3c0b40a-0086-4d52-afe4-f36108dfd3bb'),
 ('20', '48', 'en_us', NULL, '<p>I love the command line. So much so that up to 90% of my work is done within the confines of a terminal window. There are countless numbers of editors out there for all systems, but no matter what system I find myself using, I always find myself at home on the command line. It\'s simple, unobtrusive, and fast. And as a developer, these are all things that are immeasurably important to my productivity and workflow. </p>\n\n<p>The command line itself has been around since the dawn of computing (or at least since the 1950s) and was one of the first ways people were able to interact with computers on a visual level. As a kid, I remember stumbling on the command line and being frightened by it\'s seemingly overwhelming complexity and power over the operations of the computer (mind you, I grew up with Windows 98, ME, and XP). In earlier operating systems like MS-DOS, the command line was your only interface with the computer. It could be used to open applications, games, or run early versions of programs like excel and word processors.</p>\n\n\n\n\n\n\n\n\n\n\n\n\n\n<p>And in this time, the command line has largely remained as it was. A simple, colorless window for commands to be executed. But it\'s more than that. The command line is whatever you want it to be. It can be an editor, activity monitor, or even an RSS Reader. If you have the muster to make it, the command line will do it. In recent years, we\'ve also seen a plethora of command line tools around the NodeJS, Ruby, and Python communities to name a few. Some may argue that the command line is perfect the way it is, and yet others disagree.</p>', NULL, '2016-07-27 15:27:10', '2016-07-27 15:56:27', '45042490-9f2e-440e-821c-d37aa080251b'),
 ('21', '49', 'en_us', 'Enter HyperTerm', NULL, NULL, '2016-07-27 15:47:23', '2016-07-27 15:56:27', 'aee79a80-b600-47c2-a01b-8a41451f7d51'),
 ('22', '50', 'en_us', NULL, '<p>HyperTerm is a unique solution to the problem of extending the potential of the command line. It\'s built with Electron\'s own blend of HTML, CSS, and JavaScript, which makes it accessible to a much larger portion of the developer population that isn\'t experienced with native application development. Github already did this with their own Atom text editor, and proved that applications built with web technologies can be just as fast and performant as their native counterparts. Just like Atom, HyperTerm can be easily plugged into and extended to do anything that the web can do. If you can build the extension, HyperTerm can emulate it. Packages, plugins and themes are already flowing in at a fast pace, and with more than 6,000 stars on Github since it\'s release almost two weeks ago, the packages are only going to keep flowing in and growing in number. I\'ve even contributed a theme and zsh configuration for it myself, and I\'ve got a few more plugins in the works.</p>\n\n<p>The best part of HyperTerm, to me is the possibility to take a tool that I use for hours on end every day and extend it into the perfect productivity tool for my development workflow.</p>', NULL, '2016-07-27 15:47:23', '2016-07-27 15:56:27', 'adac5fe2-e584-4d17-a9c2-ce7334d9b5c1');



DROP TABLE IF EXISTS `craft_matrixcontent_navigation`;


--
-- Schema for table `craft_matrixcontent_navigation`
--
CREATE TABLE `craft_matrixcontent_navigation` (
  `id` int(11) NOT NULL AUTO_INCREMENT,
  `elementId` int(11) NOT NULL,
  `locale` char(12) COLLATE utf8_unicode_ci NOT NULL,
  `field_navItem_linkUrl` text COLLATE utf8_unicode_ci,
  `dateCreated` datetime NOT NULL,
  `dateUpdated` datetime NOT NULL,
  `uid` char(36) COLLATE utf8_unicode_ci NOT NULL DEFAULT '0',
  PRIMARY KEY (`id`),
  UNIQUE KEY `craft_matrixcontent_navigation_elementId_locale_unq_idx` (`elementId`,`locale`),
  KEY `craft_matrixcontent_navigation_locale_fk` (`locale`)
) ENGINE=InnoDB DEFAULT CHARSET=utf8 COLLATE=utf8_unicode_ci;

DROP TABLE IF EXISTS `craft_matrixcontent_projectcontainer`;


--
-- Schema for table `craft_matrixcontent_projectcontainer`
--
CREATE TABLE `craft_matrixcontent_projectcontainer` (
  `id` int(11) NOT NULL AUTO_INCREMENT,
  `elementId` int(11) NOT NULL,
  `locale` char(12) COLLATE utf8_unicode_ci NOT NULL,
  `field_project_heading` text COLLATE utf8_unicode_ci,
  `field_project_body` text COLLATE utf8_unicode_ci,
  `dateCreated` datetime NOT NULL,
  `dateUpdated` datetime NOT NULL,
  `uid` char(36) COLLATE utf8_unicode_ci NOT NULL DEFAULT '0',
  PRIMARY KEY (`id`),
  UNIQUE KEY `craft_matrixcontent_projectcontainer_elementId_locale_unq_idx` (`elementId`,`locale`),
  KEY `craft_matrixcontent_projectcontainer_locale_fk` (`locale`)
) ENGINE=InnoDB AUTO_INCREMENT=3 DEFAULT CHARSET=utf8 COLLATE=utf8_unicode_ci;

--
-- Data for table `craft_matrixcontent_projectcontainer`
--

INSERT INTO `craft_matrixcontent_projectcontainer` (`id`, `elementId`, `locale`, `field_project_heading`, `field_project_body`, `dateCreated`, `dateUpdated`, `uid`) VALUES
 ('1', '17', 'en_us', 'Odin', '<p>Odin is a zsh shell for git focused development. It includes (opinionated) configuration files for git, tmux, as well as vim in order to get you set up in a productive development environment. Check out the project on <a href=\"http://github.com/tylerreckart/odin\">github</a>.<br /></p>', '2016-05-27 00:25:38', '2016-06-13 12:19:57', '3b978383-671a-4d7f-933a-cf725f7bbb93'),
 ('2', '22', 'en_us', 'Tenor', '<p>Tenor started as an attempt to reconstruct Instapaper with React.js. It was open sourced in the fall of 2015, and I have since taken the repository offline in order to restructure how it works. I am currently rebuilding the application with Elm as well as rewriting and optimizing the HTML Parsing algorithm behind it. I hope to rerelease it by the end of this year. Follow any updates on twitter <a href=\"http://twitter.com/tylerreckart\" target=\"_blank\">@tylerreckart</a>.</p>', '2016-05-31 13:34:17', '2016-06-13 12:19:57', 'ab21f867-7aea-43ae-81ac-40bc750a15e3');



DROP TABLE IF EXISTS `craft_migrations`;


--
-- Schema for table `craft_migrations`
--
CREATE TABLE `craft_migrations` (
  `id` int(11) NOT NULL AUTO_INCREMENT,
  `pluginId` int(11) DEFAULT NULL,
  `version` varchar(255) COLLATE utf8_unicode_ci NOT NULL,
  `applyTime` datetime NOT NULL,
  `dateCreated` datetime NOT NULL,
  `dateUpdated` datetime NOT NULL,
  `uid` char(36) COLLATE utf8_unicode_ci NOT NULL DEFAULT '0',
  PRIMARY KEY (`id`),
  UNIQUE KEY `craft_migrations_version_unq_idx` (`version`),
  KEY `craft_migrations_pluginId_fk` (`pluginId`)
) ENGINE=InnoDB AUTO_INCREMENT=48 DEFAULT CHARSET=utf8 COLLATE=utf8_unicode_ci;

--
-- Data for table `craft_migrations`
--

INSERT INTO `craft_migrations` (`id`, `pluginId`, `version`, `applyTime`, `dateCreated`, `dateUpdated`, `uid`) VALUES
 ('1', NULL, 'm000000_000000_base', '2016-05-24 21:48:13', '2016-05-24 21:48:13', '2016-05-24 21:48:13', '74faffdf-c790-4319-9c0f-e6db4723f496'),
 ('2', NULL, 'm140730_000001_add_filename_and_format_to_transformindex', '2016-05-24 21:48:13', '2016-05-24 21:48:13', '2016-05-24 21:48:13', '5a5a99ba-0d0d-4522-a2cd-90a7b1a3472c'),
 ('3', NULL, 'm140815_000001_add_format_to_transforms', '2016-05-24 21:48:13', '2016-05-24 21:48:13', '2016-05-24 21:48:13', 'c837bf48-67aa-4fad-824a-8866111bf337'),
 ('4', NULL, 'm140822_000001_allow_more_than_128_items_per_field', '2016-05-24 21:48:13', '2016-05-24 21:48:13', '2016-05-24 21:48:13', '09d8580d-3256-4da2-9d4c-3af45fb7f879'),
 ('5', NULL, 'm140829_000001_single_title_formats', '2016-05-24 21:48:13', '2016-05-24 21:48:13', '2016-05-24 21:48:13', '5f3c351a-4afc-45e5-9dd7-ffa44b54b73d'),
 ('6', NULL, 'm140831_000001_extended_cache_keys', '2016-05-24 21:48:13', '2016-05-24 21:48:13', '2016-05-24 21:48:13', 'd15b9941-099b-4252-b696-94e58468f4d7'),
 ('7', NULL, 'm140922_000001_delete_orphaned_matrix_blocks', '2016-05-24 21:48:13', '2016-05-24 21:48:13', '2016-05-24 21:48:13', '9fd3ddc9-e107-485e-9e90-9d9f85116f4a'),
 ('8', NULL, 'm141008_000001_elements_index_tune', '2016-05-24 21:48:13', '2016-05-24 21:48:13', '2016-05-24 21:48:13', '05c3c3c8-f301-4ad5-b759-7373b7424f08'),
 ('9', NULL, 'm141009_000001_assets_source_handle', '2016-05-24 21:48:13', '2016-05-24 21:48:13', '2016-05-24 21:48:13', 'cb7430e9-fa38-49ec-a06b-87bb52f7e78b'),
 ('10', NULL, 'm141024_000001_field_layout_tabs', '2016-05-24 21:48:13', '2016-05-24 21:48:13', '2016-05-24 21:48:13', '1d3802c5-0498-4f48-874d-4e224c3a2296'),
 ('11', NULL, 'm141030_000000_plugin_schema_versions', '2016-05-24 21:48:13', '2016-05-24 21:48:13', '2016-05-24 21:48:13', 'a8ad3275-4cff-4b18-a4b9-9e16e36cf68a'),
 ('12', NULL, 'm141030_000001_drop_structure_move_permission', '2016-05-24 21:48:13', '2016-05-24 21:48:13', '2016-05-24 21:48:13', '5c67013f-25f3-479b-a5bc-026e6572de2c'),
 ('13', NULL, 'm141103_000001_tag_titles', '2016-05-24 21:48:13', '2016-05-24 21:48:13', '2016-05-24 21:48:13', '348013be-0722-41bd-b6a1-e3c289b802bf'),
 ('14', NULL, 'm141109_000001_user_status_shuffle', '2016-05-24 21:48:13', '2016-05-24 21:48:13', '2016-05-24 21:48:13', '796fb9b4-546b-4f7a-8eb6-b2a89b03392a'),
 ('15', NULL, 'm141126_000001_user_week_start_day', '2016-05-24 21:48:13', '2016-05-24 21:48:13', '2016-05-24 21:48:13', '3fc7fc58-04c1-4f1d-9108-0d47ea3d9837'),
 ('16', NULL, 'm150210_000001_adjust_user_photo_size', '2016-05-24 21:48:13', '2016-05-24 21:48:13', '2016-05-24 21:48:13', '5924ce3e-ad17-475a-9c9d-43970606aa00'),
 ('17', NULL, 'm150724_000001_adjust_quality_settings', '2016-05-24 21:48:13', '2016-05-24 21:48:13', '2016-05-24 21:48:13', '9637db6b-1773-4516-b211-bc77c76be900'),
 ('18', NULL, 'm150827_000000_element_index_settings', '2016-05-24 21:48:13', '2016-05-24 21:48:13', '2016-05-24 21:48:13', 'f4ebe9a1-9309-4b05-a497-db9833c927b3'),
 ('19', NULL, 'm150918_000001_add_colspan_to_widgets', '2016-05-24 21:48:13', '2016-05-24 21:48:13', '2016-05-24 21:48:13', 'bada7e47-9c6b-48a6-8484-4f359fff435d'),
 ('20', NULL, 'm151007_000000_clear_asset_caches', '2016-05-24 21:48:13', '2016-05-24 21:48:13', '2016-05-24 21:48:13', 'eb22bb1c-4d91-40c0-9022-b9089544e876'),
 ('21', NULL, 'm151109_000000_text_url_formats', '2016-05-24 21:48:13', '2016-05-24 21:48:13', '2016-05-24 21:48:13', '5322f5c8-0a2f-4bbf-b20c-e0969d3bac77'),
 ('22', NULL, 'm151110_000000_move_logo', '2016-05-24 21:48:13', '2016-05-24 21:48:13', '2016-05-24 21:48:13', 'af1a170e-4f3e-426e-928e-04aea0d1b307'),
 ('23', NULL, 'm151117_000000_adjust_image_widthheight', '2016-05-24 21:48:13', '2016-05-24 21:48:13', '2016-05-24 21:48:13', '0fa0668f-1707-4777-a5eb-03833f445afd'),
 ('24', NULL, 'm151127_000000_clear_license_key_status', '2016-05-24 21:48:13', '2016-05-24 21:48:13', '2016-05-24 21:48:13', '0a81a8aa-8267-45bf-95cd-53b054e0617d'),
 ('25', NULL, 'm151127_000000_plugin_license_keys', '2016-05-24 21:48:13', '2016-05-24 21:48:13', '2016-05-24 21:48:13', 'ab4a5a2c-0489-4e0d-9aef-85829524fa7c'),
 ('26', NULL, 'm151130_000000_update_pt_widget_feeds', '2016-05-24 21:48:13', '2016-05-24 21:48:13', '2016-05-24 21:48:13', '1683c688-360b-4bd4-b9ac-3b11ba208e75'),
 ('27', NULL, 'm160114_000000_asset_sources_public_url_default_true', '2016-05-24 21:48:13', '2016-05-24 21:48:13', '2016-05-24 21:48:13', 'ce4c3e91-9f95-48d5-a5a5-b3b9d0744fe8'),
 ('28', NULL, 'm160223_000000_sortorder_to_smallint', '2016-05-24 21:48:13', '2016-05-24 21:48:13', '2016-05-24 21:48:13', 'c49b5cf5-ac2b-4465-8682-f786a53ea1d3'),
 ('29', NULL, 'm160229_000000_set_default_entry_statuses', '2016-05-24 21:48:13', '2016-05-24 21:48:13', '2016-05-24 21:48:13', '1ec0b47e-b33b-41e2-8995-2bc2b2c53375'),
 ('30', NULL, 'm160304_000000_client_permissions', '2016-05-24 21:48:13', '2016-05-24 21:48:13', '2016-05-24 21:48:13', '133b1d12-93d0-4553-b147-853e1356df67'),
 ('31', NULL, 'm160322_000000_asset_filesize', '2016-05-24 21:48:13', '2016-05-24 21:48:13', '2016-05-24 21:48:13', '43375cb3-fe47-439a-bd1a-8cbba2f11332'),
 ('32', NULL, 'm160503_000000_orphaned_fieldlayouts', '2016-05-24 21:48:13', '2016-05-24 21:48:13', '2016-05-24 21:48:13', 'ebb36864-8a61-4894-8af2-1bc6a8c7aafb'),
 ('33', NULL, 'm160510_000000_tasksettings', '2016-05-24 21:48:13', '2016-05-24 21:48:13', '2016-05-24 21:48:13', '2ada752d-ab09-4ca6-bc40-83b6b868bace'),
 ('34', '4', 'm140427_000000_sproutSeo_changeFallbacksToTemplates', '2016-06-03 17:50:43', '2016-06-03 17:50:43', '2016-06-03 17:50:43', 'e06ac72d-f86e-4f1b-984a-2f47d2241be5'),
 ('35', '4', 'm140427_000000_sproutSeo_replaceSitemapTableSchema', '2016-06-03 17:50:43', '2016-06-03 17:50:43', '2016-06-03 17:50:43', '47e0c276-1e37-4e81-86e9-51f6a967ecf8'),
 ('36', '4', 'm140623_000000_sproutSeo_addTwitterCardFieldsToOverrides', '2016-06-03 17:50:43', '2016-06-03 17:50:43', '2016-06-03 17:50:43', '8e329be8-bfa3-4f54-bd66-fadf04ec5d30'),
 ('37', '4', 'm140623_000000_sproutSeo_addTwitterCardFieldsToTemplates', '2016-06-03 17:50:43', '2016-06-03 17:50:43', '2016-06-03 17:50:43', '3453c8e6-0f57-4b0c-a3b9-5c0859359d97'),
 ('38', '4', 'm140623_000001_sproutseo_addGlobalFallbackToTemplates', '2016-06-03 17:50:43', '2016-06-03 17:50:43', '2016-06-03 17:50:43', '890691b4-daa5-4eac-8713-7ad55c1266df'),
 ('39', '4', 'm140624_000000_sproutSeo_renameTemplatestoDefaults', '2016-06-03 17:50:43', '2016-06-03 17:50:43', '2016-06-03 17:50:43', '0ea6558e-f3dd-4a74-9f4f-7a1465a11169'),
 ('40', '4', 'm140827_000000_sproutSeo_addColumnsToDefaults', '2016-06-03 17:50:43', '2016-06-03 17:50:43', '2016-06-03 17:50:43', 'c758c791-359e-404a-8581-c98e267bc5e9'),
 ('41', '4', 'm140827_000000_sproutSeo_addColumnsToOverrides', '2016-06-03 17:50:43', '2016-06-03 17:50:43', '2016-06-03 17:50:43', '622f66dc-0d8a-442b-8c5f-f00c14571a41'),
 ('42', '4', 'm140827_000000_sproutSeo_addOgImageForeignKeys', '2016-06-03 17:50:43', '2016-06-03 17:50:43', '2016-06-03 17:50:43', 'a7bbbf0d-caf1-4fe9-b661-1aa0cacf7ca0'),
 ('43', '4', 'm140828_000000_sproutSeo_addRedirectsTable', '2016-06-03 17:50:43', '2016-06-03 17:50:43', '2016-06-03 17:50:43', '44a75946-4519-4080-8c29-0b57e921232f'),
 ('44', '4', 'm150422_103816_sproutseo_twitterCardDashesToUnderscores', '2016-06-03 17:50:43', '2016-06-03 17:50:43', '2016-06-03 17:50:43', '6f9cc39e-7ca0-4182-97d0-bf5a62283257'),
 ('45', '4', 'm150423_000000_sproutSeo_addLocaleToOverrides', '2016-06-03 17:50:43', '2016-06-03 17:50:43', '2016-06-03 17:50:43', '253b7fee-b1ac-4c00-84f6-6809c534e05a'),
 ('46', '4', 'm150427_000000_sproutSeo_prepareLocalizedFieldSaving', '2016-06-03 17:50:43', '2016-06-03 17:50:43', '2016-06-03 17:50:43', 'ff331898-a04c-427b-b63f-8154e7e76a96'),
 ('47', '4', 'm160127_000000_sproutSeo_addDefaultSettings', '2016-06-03 17:50:43', '2016-06-03 17:50:43', '2016-06-03 17:50:43', '99ddea7d-97dd-49f0-8b9e-9818e4f9abc3');



DROP TABLE IF EXISTS `craft_plugins`;


--
-- Schema for table `craft_plugins`
--
CREATE TABLE `craft_plugins` (
  `id` int(11) NOT NULL AUTO_INCREMENT,
  `class` varchar(150) COLLATE utf8_unicode_ci NOT NULL,
  `version` varchar(15) COLLATE utf8_unicode_ci NOT NULL,
  `schemaVersion` varchar(15) COLLATE utf8_unicode_ci DEFAULT NULL,
  `licenseKey` char(24) COLLATE utf8_unicode_ci DEFAULT NULL,
  `licenseKeyStatus` enum('valid','invalid','mismatched','unknown') COLLATE utf8_unicode_ci NOT NULL DEFAULT 'unknown',
  `enabled` tinyint(1) unsigned NOT NULL DEFAULT '0',
  `settings` text COLLATE utf8_unicode_ci,
  `installDate` datetime NOT NULL,
  `dateCreated` datetime NOT NULL,
  `dateUpdated` datetime NOT NULL,
  `uid` char(36) COLLATE utf8_unicode_ci NOT NULL DEFAULT '0',
  PRIMARY KEY (`id`)
) ENGINE=InnoDB AUTO_INCREMENT=8 DEFAULT CHARSET=utf8 COLLATE=utf8_unicode_ci;

--
-- Data for table `craft_plugins`
--

INSERT INTO `craft_plugins` (`id`, `class`, `version`, `schemaVersion`, `licenseKey`, `licenseKeyStatus`, `enabled`, `settings`, `installDate`, `dateCreated`, `dateUpdated`, `uid`) VALUES
 ('1', 'Hacksaw', '1.1.2', NULL, NULL, 'unknown', '1', NULL, '2016-05-25 23:31:24', '2016-05-25 23:31:24', '2016-07-27 16:01:27', '181a8483-fd0d-4527-8d80-35b884baa963'),
 ('2', 'ReadTime', '1.0.1', NULL, NULL, 'unknown', '1', NULL, '2016-05-26 20:43:43', '2016-05-26 20:43:43', '2016-07-27 16:01:27', 'a7c36af3-9f81-48b6-88e4-3333d3541efa'),
 ('3', 'Timediff', '1.1', NULL, NULL, 'unknown', '1', NULL, '2016-05-26 20:51:23', '2016-05-26 20:51:23', '2016-07-27 16:01:27', '51ed0088-18bf-4d84-a0c5-4269fa35b5b1'),
 ('4', 'SproutSeo', '2.1.1', '2.1.0', NULL, 'unknown', '1', NULL, '2016-06-03 17:50:43', '2016-06-03 17:50:43', '2016-07-27 16:01:27', '099d1b68-39c9-4e22-8413-a4edec077828'),
 ('5', 'RedactorInlineStyles', '2.0.4', '2.0.2', NULL, 'unknown', '1', NULL, '2016-06-13 12:35:05', '2016-06-13 12:35:05', '2016-07-27 16:01:27', 'bc6bf25c-6c83-41bb-9e55-9517b0be80d5'),
 ('6', 'AmCommand', '1.1', NULL, NULL, 'unknown', '1', NULL, '2016-06-13 12:35:08', '2016-06-13 12:35:08', '2016-07-27 16:01:27', '639924e0-ced8-46de-afe9-a21fd6fb6619'),
 ('7', 'SproutNotes', '1.0.0', NULL, NULL, 'unknown', '1', NULL, '2016-06-13 12:35:10', '2016-06-13 12:35:10', '2016-07-27 16:01:27', 'f7757fa9-16d9-4f55-adb9-1536f976ae29');



DROP TABLE IF EXISTS `craft_rackspaceaccess`;


--
-- Schema for table `craft_rackspaceaccess`
--
CREATE TABLE `craft_rackspaceaccess` (
  `id` int(11) NOT NULL AUTO_INCREMENT,
  `connectionKey` varchar(255) COLLATE utf8_unicode_ci NOT NULL,
  `token` varchar(255) COLLATE utf8_unicode_ci NOT NULL,
  `storageUrl` varchar(255) COLLATE utf8_unicode_ci NOT NULL,
  `cdnUrl` varchar(255) COLLATE utf8_unicode_ci NOT NULL,
  `dateCreated` datetime NOT NULL,
  `dateUpdated` datetime NOT NULL,
  `uid` char(36) COLLATE utf8_unicode_ci NOT NULL DEFAULT '0',
  PRIMARY KEY (`id`),
  UNIQUE KEY `craft_rackspaceaccess_connectionKey_unq_idx` (`connectionKey`)
) ENGINE=InnoDB DEFAULT CHARSET=utf8 COLLATE=utf8_unicode_ci;

DROP TABLE IF EXISTS `craft_relations`;


--
-- Schema for table `craft_relations`
--
CREATE TABLE `craft_relations` (
  `id` int(11) NOT NULL AUTO_INCREMENT,
  `fieldId` int(11) NOT NULL,
  `sourceId` int(11) NOT NULL,
  `sourceLocale` char(12) COLLATE utf8_unicode_ci DEFAULT NULL,
  `targetId` int(11) NOT NULL,
  `sortOrder` smallint(6) DEFAULT NULL,
  `dateCreated` datetime NOT NULL,
  `dateUpdated` datetime NOT NULL,
  `uid` char(36) COLLATE utf8_unicode_ci NOT NULL DEFAULT '0',
  PRIMARY KEY (`id`),
  UNIQUE KEY `craft_relations_fieldId_sourceId_sourceLocale_targetId_unq_idx` (`fieldId`,`sourceId`,`sourceLocale`,`targetId`),
  KEY `craft_relations_sourceId_fk` (`sourceId`),
  KEY `craft_relations_sourceLocale_fk` (`sourceLocale`),
  KEY `craft_relations_targetId_fk` (`targetId`)
) ENGINE=InnoDB DEFAULT CHARSET=utf8 COLLATE=utf8_unicode_ci;

DROP TABLE IF EXISTS `craft_routes`;


--
-- Schema for table `craft_routes`
--
CREATE TABLE `craft_routes` (
  `id` int(11) NOT NULL AUTO_INCREMENT,
  `locale` char(12) COLLATE utf8_unicode_ci DEFAULT NULL,
  `urlParts` varchar(255) COLLATE utf8_unicode_ci NOT NULL,
  `urlPattern` varchar(255) COLLATE utf8_unicode_ci NOT NULL,
  `template` varchar(255) COLLATE utf8_unicode_ci NOT NULL,
  `sortOrder` smallint(6) unsigned DEFAULT NULL,
  `dateCreated` datetime NOT NULL,
  `dateUpdated` datetime NOT NULL,
  `uid` char(36) COLLATE utf8_unicode_ci NOT NULL DEFAULT '0',
  PRIMARY KEY (`id`),
  UNIQUE KEY `craft_routes_urlPattern_unq_idx` (`urlPattern`),
  KEY `craft_routes_locale_idx` (`locale`)
) ENGINE=InnoDB DEFAULT CHARSET=utf8 COLLATE=utf8_unicode_ci;

DROP TABLE IF EXISTS `craft_searchindex`;


--
-- Schema for table `craft_searchindex`
--
CREATE TABLE `craft_searchindex` (
  `elementId` int(11) NOT NULL,
  `attribute` varchar(25) COLLATE utf8_unicode_ci NOT NULL,
  `fieldId` int(11) NOT NULL,
  `locale` char(12) COLLATE utf8_unicode_ci NOT NULL,
  `keywords` text COLLATE utf8_unicode_ci NOT NULL,
  PRIMARY KEY (`elementId`,`attribute`,`fieldId`,`locale`),
  FULLTEXT KEY `craft_searchindex_keywords_idx` (`keywords`)
) ENGINE=MyISAM DEFAULT CHARSET=utf8 COLLATE=utf8_unicode_ci;

--
-- Data for table `craft_searchindex`
--

INSERT INTO `craft_searchindex` (`elementId`, `attribute`, `fieldId`, `locale`, `keywords`) VALUES
 ('1', 'username', '0', 'en_us', ' admin '),
 ('1', 'firstname', '0', 'en_us', ' tyler '),
 ('1', 'lastname', '0', 'en_us', ' reckart '),
 ('1', 'fullname', '0', 'en_us', ' tyler reckart '),
 ('1', 'email', '0', 'en_us', ' tyler reckart gmail com '),
 ('1', 'slug', '0', 'en_us', ''),
 ('2', 'slug', '0', 'en_us', ' homepage '),
 ('2', 'title', '0', 'en_us', ' home '),
 ('2', 'field', '1', 'en_us', ' it s true this site doesn t have a whole lot of content yet but don t worry our web developers have just installed the cms and they re setting things up for the content editors this very moment soon tylerreckart local will be an oasis of fresh perspectives sharp analyses and astute opinions that will keep you coming back again and again '),
 ('5', 'slug', '0', 'en_us', ' projects '),
 ('5', 'title', '0', 'en_us', ' projects '),
 ('4', 'title', '0', 'en_us', ' about '),
 ('4', 'slug', '0', 'en_us', ' about '),
 ('4', 'field', '3', 'en_us', ' about '),
 ('4', 'field', '4', 'en_us', ' hi i m tyler i m a front end developer designer not at all professional skateboarder and comic book enthusiast i think a lot about how to make tools that improve your workflow and make you more productive i like to work with languages and tools like javascript twig and elm and i m constantly exploring other languages and tools for making the web awesome currently i m exploring the world of functional programming through haskell i currently work with the awesome team at authentic form function we re a distributed team embodying and shaping the principals of remote work read more about us on our company journal '),
 ('8', 'field', '5', 'en_us', ''),
 ('8', 'slug', '0', 'en_us', ''),
 ('9', 'slug', '0', 'en_us', ''),
 ('15', 'filename', '0', 'en_us', ' profile jpg '),
 ('15', 'extension', '0', 'en_us', ' jpg '),
 ('15', 'kind', '0', 'en_us', ' image '),
 ('15', 'slug', '0', 'en_us', ' profile '),
 ('15', 'title', '0', 'en_us', ' profile '),
 ('16', 'filename', '0', 'en_us', ' x6uskgxqr6 gif '),
 ('16', 'extension', '0', 'en_us', ' gif '),
 ('16', 'kind', '0', 'en_us', ' image '),
 ('16', 'slug', '0', 'en_us', ''),
 ('16', 'title', '0', 'en_us', ' x6uskgxqr6 '),
 ('5', 'field', '7', 'en_us', ' odin is a zsh shell for git focused development it includes opinionated configuration files for git tmux as well as vim in order to get you set up in a productive development environment check out the project on github odin tenor started as an attempt to reconstruct instapaper with react js it was open sourced in the fall of 2015 and i have since taken the repository offline in order to restructure how it works i am currently rebuilding the application with elm as well as rewriting and optimizing the html parsing algorithm behind it i hope to rerelease it by the end of this year follow any updates on twitter tylerreckart tenor '),
 ('17', 'field', '8', 'en_us', ' odin '),
 ('17', 'field', '9', 'en_us', ' odin is a zsh shell for git focused development it includes opinionated configuration files for git tmux as well as vim in order to get you set up in a productive development environment check out the project on github '),
 ('17', 'slug', '0', 'en_us', ''),
 ('18', 'slug', '0', 'en_us', ''),
 ('18', 'field', '10', 'en_us', ' tyler reckart '),
 ('18', 'field', '11', 'en_us', ' tyler reckart gmail com '),
 ('20', 'filename', '0', 'en_us', ' zobiyh3ami 1 gif '),
 ('20', 'extension', '0', 'en_us', ' gif '),
 ('20', 'kind', '0', 'en_us', ' image '),
 ('20', 'slug', '0', 'en_us', ''),
 ('20', 'title', '0', 'en_us', ' z obi yh3am i 1 '),
 ('21', 'field', '3', 'en_us', ' becoming a generalist how burning out changed the way i work '),
 ('21', 'field', '4', 'en_us', ' great teams are built on the principles of learning and collaboration and you ll often find developers that have a deep understanding of design principles and designers that aren t afraid to sit in front of an editor and hack away generalists in the web design world are a unique mixture of design and development leading to a better understanding of the nuances of our respective crafts and in turn better collaboration for the first few years of my career i solely defined myself as a designer i worked on everything from interfaces to branding and while i had a working knowledge of html and css that s as far as my engineering experienced stretched for a couple of years that s all the experience that i needed then things changed i started to feel like the work i was doing wasn t good enough no matter how hard i worked or how many hours i put in it just wasn t enough i got frustrated with the industry and burnt out i decided to take some time off which would slowly turn from a little time off into a few years off i pursued other opportunities went to college left college and eventually found myself right back where i had started i was at a crossroads during the time that i wasn t actively working in the tech industry i still kept up on emerging practices and technologies i had seen the internet evolve over those few years i watched the rise of frameworks like react and angular i saw as javascript went from being a utility language to dominating the face of frontend development it was like i was standing at the top of a waterfall i could continue to observe or i could take a risk and jump in i jumped in and fell in love code went from being a clunky way of making my designs functional to being at the core of what i do while i may no longer spend my days deep in the depths of interfaces or manipulating paths at 6400% to get an icon just right i still incorporate the foundations of design that i learned all those years ago into my everyday work my experience as a designer has immeasurably influenced the way i work as a developer for years the trope in the the industry has been for designers to learn to code but that s only half of the problem developers need to understand design principles too understanding what we do from both sides has benefits that go way beyond being able to mock up a webpage or interface element in sketch focusing on improving our non technical skills is how we become better developers having insight into why a particular design decision was made allows us to adapt the way we write software for the demands of each unique problem that we may face along the way the same goes for designers nothing is more toxic to the outcome of a project than conflicts between the design and development teams conflict is like a brick wall in our industry and in far too many teams that wall is an immovable object surrounded on either side by an unstoppable force understanding each other s point of view allows us to work together it encourages us to tear down that wall brick by brick until no barriers remain understanding is the gateway to collaboration discussion and teamwork which enables us to have fun and productive discussions that lead to unique experiences innovative features and a better final product most of all it enables us to love what we do and the more we love what we do the less we are at risk for burning out and trust me it s not fun at authentic form function we embrace the the concept of the generalist we all wear many hats and you can see that through our work helping clients understand the unique problems and solutions to their projects will not only lead to better communication but to better collaboration on both sides great designers and developers alike know that creativity is at the cornerstone of what they do embrace your creativity learn what your colleagues think discuss collaborate and make do this and an endless number of doors will open this post originally appeared on the authentic form function company journal see it here '),
 ('21', 'slug', '0', 'en_us', ' becoming a generalist '),
 ('21', 'title', '0', 'en_us', ' becoming a generalist '),
 ('22', 'field', '8', 'en_us', ' tenor '),
 ('22', 'field', '9', 'en_us', ' tenor started as an attempt to reconstruct instapaper with react js it was open sourced in the fall of 2015 and i have since taken the repository offline in order to restructure how it works i am currently rebuilding the application with elm as well as rewriting and optimizing the html parsing algorithm behind it i hope to rerelease it by the end of this year follow any updates on twitter tylerreckart '),
 ('22', 'slug', '0', 'en_us', ''),
 ('21', 'field', '12', 'en_us', ' great teams are built on the principles of learning and collaboration and you ll often find developers that have a deep understanding of design principles and designers that aren t afraid to sit in front of an editor and hack away generalists in the web design world are a unique mixture of design and development leading to a better understanding of the nuances of our respective crafts and in turn better collaboration for the first few years of my career i solely defined myself as a designer i worked on everything from interfaces to branding and while i had a working knowledge of html and css that s as far as my engineering experienced stretched for a couple of years that s all the experience that i needed then things changed i started to feel like the work i was doing wasn t good enough no matter how hard i worked or how many hours i put in it just wasn t enough i got frustrated with the industry and burnt out i decided to take some time off which would slowly turn from a little time off into a few years off i pursued other opportunities went to college left college and eventually found myself right back where i had started i was at a crossroads during the time that i wasn t actively working in the tech industry i still kept up on emerging practices and technologies i had seen the internet evolve over those few years i watched the rise of frameworks like react and angular i saw as javascript went from being a utility language to dominating the face of frontend development it was like i was standing at the top of a waterfall i could continue to observe or i could take a risk and jump in i jumped in and fell in love code went from being a clunky way of making my designs functional to being at the core of what i do while i may no longer spend my days deep in the depths of interfaces or manipulating paths at 6400% to get an icon just right i still incorporate the foundations of design that i learned all those years ago into my everyday work my experience as a designer has immeasurably influenced the way i work as a developer for years the trope in the the industry has been for designers to learn to code but that s only half of the problem developers need to understand design principles too understanding what we do from both sides has benefits that go way beyond being able to mock up a webpage or interface element in sketch focusing on improving our non technical skills is how we become better developers having insight into why a particular design decision was made allows us to adapt the way we write software for the demands of each unique problem that we may face along the way the same goes for designers nothing is more toxic to the outcome of a project than conflicts between the design and development teams conflict is like a brick wall in our industry and in far too many teams that wall is an immovable object surrounded on either side by an unstoppable force understanding each other s point of view allows us to work together it encourages us to tear down that wall brick by brick until no barriers remain understanding is the gateway to collaboration discussion and teamwork which enables us to have fun and productive discussions that lead to unique experiences innovative features and a better final product most of all it enables us to love what we do and the more we love what we do the less we are at risk for burning out and trust me it s not fun at authentic form function we embrace the the concept of the generalist we all wear many hats and you can see that through our work helping clients understand the unique problems and solutions to their projects will not only lead to better communication but to better collaboration on both sides great designers and developers alike know that creativity is at the cornerstone of what they do embrace your creativity learn what your colleagues think discuss collaborate and make do this and an endless number of doors will open this post originally appeared on the authentic form function journal '),
 ('23', 'field', '14', 'en_us', ' great teams are built on the principles of learning and collaboration and you ll often find developers that have a deep understanding of design principles and designers that aren t afraid to sit in front of an editor and hack away generalists in the web design world are a unique mixture of design and development leading to a better understanding of the nuances of our respective crafts and in turn better collaboration for the first few years of my career i solely defined myself as a designer i worked on everything from interfaces to branding and while i had a working knowledge of html and css that s as far as my engineering experienced stretched for a couple of years that s all the experience that i needed then things changed i started to feel like the work i was doing wasn t good enough no matter how hard i worked or how many hours i put in it just wasn t enough i got frustrated with the industry and burnt out i decided to take some time off which would slowly turn from a little time off into a few years off i pursued other opportunities went to college left college and eventually found myself right back where i had started i was at a crossroads during the time that i wasn t actively working in the tech industry i still kept up on emerging practices and technologies i had seen the internet evolve over those few years i watched the rise of frameworks like react and angular i saw as javascript went from being a utility language to dominating the face of frontend development it was like i was standing at the top of a waterfall i could continue to observe or i could take a risk and jump in i jumped in and fell in love code went from being a clunky way of making my designs functional to being at the core of what i do while i may no longer spend my days deep in the depths of interfaces or manipulating paths at 6400% to get an icon just right i still incorporate the foundations of design that i learned all those years ago into my everyday work my experience as a designer has immeasurably influenced the way i work as a developer for years the trope in the the industry has been for designers to learn to code but that s only half of the problem developers need to understand design principles too understanding what we do from both sides has benefits that go way beyond being able to mock up a webpage or interface element in sketch focusing on improving our non technical skills is how we become better developers having insight into why a particular design decision was made allows us to adapt the way we write software for the demands of each unique problem that we may face along the way the same goes for designers nothing is more toxic to the outcome of a project than conflicts between the design and development teams conflict is like a brick wall in our industry and in far too many teams that wall is an immovable object surrounded on either side by an unstoppable force understanding each other s point of view allows us to work together it encourages us to tear down that wall brick by brick until no barriers remain understanding is the gateway to collaboration discussion and teamwork which enables us to have fun and productive discussions that lead to unique experiences innovative features and a better final product most of all it enables us to love what we do and the more we love what we do the less we are at risk for burning out and trust me it s not fun at authentic form function we embrace the the concept of the generalist we all wear many hats and you can see that through our work helping clients understand the unique problems and solutions to their projects will not only lead to better communication but to better collaboration on both sides great designers and developers alike know that creativity is at the cornerstone of what they do embrace your creativity learn what your colleagues think discuss collaborate and make do this and an endless number of doors will open this post originally appeared on the authentic form function journal '),
 ('23', 'slug', '0', 'en_us', ''),
 ('4', 'field', '12', 'en_us', ' tyler reckart is a front end developer and designer he thinks a lot about how to build tools that improve your workflow and increase productivity he works a lot with languages like javascript php twig and elm and is constantly continuing his education exploring new languages and tools he is currently making his way through the world of functional programming through haskell tyler started his career as a self taught designer working primarily on mobile web interfaces the skills that he accumulated working on freelance projects landed him a role with quilt along side their creative director to help bring the company s vision to life quilt was in a time before privacy was the standard among social media platforms an innovative social network that helped to pave the way for privacy in social media after parting ways with the quilt team he shifted his focus from design to his studies and decided to take a hiatus from the tech industry in that time he focused on studying the nature of mathematics and philosophy a few years passed and he returned to the industry reinvigorated and with a passion for software development he currently is working with the awesome team at authentic form function working with companies to turn their visions for the web into a reality while helping to shape and promote the principals of remote work while he isn t sitting behind a keyboard or writing about himself the third person he enjoys carving through the streets of greenville south carolina on the wheels of a skateboard and building his ever growing collection of comic books about the site this url has been the home for my online presence for many years it s gone through several phases at times it has been a blog at others a portfolio the current design was created with simplicity in mind it serves as an outlet for my design and development related thoughts as well as the occasional cross post from my company s journal on remote work life balance in case you were wondering this site is designed and built on a macbook pro in greenville south carolinacoded with vimbuilt on craft an open source no nonsense cmshosted on a custom linode server99% open sourcethe 1% of the site that isn t open source has to do with a few deployment scripts and files that would contain sensitive data for accessing my server i think you can understand why i wouldn t want that out in the open for questions comments or inquiries please contact me on twitter though if you d rather do it the old fashioned way i can be reached via email at tyler dot reckart at gmail dot com '),
 ('49', 'field', '13', 'en_us', ' enter hyperterm '),
 ('49', 'slug', '0', 'en_us', ''),
 ('50', 'field', '14', 'en_us', ' hyperterm is a unique solution to the problem of extending the potential of the command line it s built with electron s own blend of html css and javascript which makes it accessible to a much larger portion of the developer population that isn t experienced with native application development github already did this with their own atom text editor and proved that applications built with web technologies can be just as fast and performant as their native counterparts just like atom hyperterm can be easily plugged into and extended to do anything that the web can do if you can build the extension hyperterm can emulate it packages plugins and themes are already flowing in at a fast pace and with more than 6 000 stars on github since it s release almost two weeks ago the packages are only going to keep flowing in and growing in number i ve even contributed a theme and zsh configuration for it myself and i ve got a few more plugins in the works the best part of hyperterm to me is the possibility to take a tool that i use for hours on end every day and extend it into the perfect productivity tool for my development workflow '),
 ('25', 'field', '14', 'en_us', ' tyler reckart is a front end developer and designer he thinks a lot about how to build tools that improve your workflow and increase productivity he works a lot with languages like javascript php twig and elm and is constantly continuing his education exploring new languages and tools he is currently making his way through the world of functional programming through haskell tyler started his career as a self taught designer working primarily on mobile web interfaces the skills that he accumulated working on freelance projects landed him a role with quilt along side their creative director to help bring the company s vision to life quilt was in a time before privacy was the standard among social media platforms an innovative social network that helped to pave the way for privacy in social media after parting ways with the quilt team he shifted his focus from design to his studies and decided to take a hiatus from the tech industry in that time he focused on studying the nature of mathematics and philosophy a few years passed and he returned to the industry reinvigorated and with a passion for software development he currently is working with the awesome team at authentic form function working with companies to turn their visions for the web into a reality while helping to shape and promote the principals of remote work while he isn t sitting behind a keyboard or writing about himself the third person he enjoys carving through the streets of greenville south carolina on the wheels of a skateboard and building his ever growing collection of comic books '),
 ('25', 'slug', '0', 'en_us', ''),
 ('26', 'field', '13', 'en_us', ' about the site '),
 ('26', 'slug', '0', 'en_us', ''),
 ('27', 'field', '14', 'en_us', ' this url has been the home for my online presence for many years it s gone through several phases at times it has been a blog at others a portfolio the current design was created with simplicity in mind it serves as an outlet for my design and development related thoughts as well as the occasional cross post from my company s journal on remote work life balance in case you were wondering this site is designed and built on a macbook pro in greenville south carolinacoded with vimbuilt on craft an open source no nonsense cmshosted on a custom linode server99% open sourcethe 1% of the site that isn t open source has to do with a few deployment scripts and files that would contain sensitive data for accessing my server i think you can understand why i wouldn t want that out in the open for questions comments or inquiries please contact me on twitter though if you d rather do it the old fashioned way i can be reached via email at tyler dot reckart at gmail dot com '),
 ('27', 'slug', '0', 'en_us', ''),
 ('28', 'filename', '0', 'en_us', ' image jpg '),
 ('28', 'extension', '0', 'en_us', ' jpg '),
 ('28', 'kind', '0', 'en_us', ' image '),
 ('28', 'slug', '0', 'en_us', ''),
 ('28', 'title', '0', 'en_us', ' image '),
 ('50', 'slug', '0', 'en_us', ''),
 ('48', 'field', '14', 'en_us', ' i love the command line so much so that up to 90% of my work is done within the confines of a terminal window there are countless numbers of editors out there for all systems but no matter what system i find myself using i always find myself at home on the command line it s simple unobtrusive and fast and as a developer these are all things that are immeasurably important to my productivity and workflow the command line itself has been around since the dawn of computing or at least since the 1950s and was one of the first ways people were able to interact with computers on a visual level as a kid i remember stumbling on the command line and being frightened by it s seemingly overwhelming complexity and power over the operations of the computer mind you i grew up with windows 98 me and xp in earlier operating systems like ms dos the command line was your only interface with the computer it could be used to open applications games or run early versions of programs like excel and word processors and in this time the command line has largely remained as it was a simple colorless window for commands to be executed but it s more than that the command line is whatever you want it to be it can be an editor activity monitor or even an rss reader if you have the muster to make it the command line will do it in recent years we ve also seen a plethora of command line tools around the nodejs ruby and python communities to name a few some may argue that the command line is perfect the way it is and yet others disagree '),
 ('48', 'slug', '0', 'en_us', ''),
 ('47', 'field', '3', 'en_us', ' terminal velocity enhance your command line experience with hyperterm '),
 ('47', 'field', '12', 'en_us', ' i love the command line so much so that up to 90% of my work is done within the confines of a terminal window there are countless numbers of editors out there for all systems but no matter what system i find myself using i always find myself at home on the command line it s simple unobtrusive and fast and as a developer these are all things that are immeasurably important to my productivity and workflow the command line itself has been around since the dawn of computing or at least since the 1950s and was one of the first ways people were able to interact with computers on a visual level as a kid i remember stumbling on the command line and being frightened by it s seemingly overwhelming complexity and power over the operations of the computer mind you i grew up with windows 98 me and xp in earlier operating systems like ms dos the command line was your only interface with the computer it could be used to open applications games or run early versions of programs like excel and word processors and in this time the command line has largely remained as it was a simple colorless window for commands to be executed but it s more than that the command line is whatever you want it to be it can be an editor activity monitor or even an rss reader if you have the muster to make it the command line will do it in recent years we ve also seen a plethora of command line tools around the nodejs ruby and python communities to name a few some may argue that the command line is perfect the way it is and yet others disagree enter hyperterm hyperterm is a unique solution to the problem of extending the potential of the command line it s built with electron s own blend of html css and javascript which makes it accessible to a much larger portion of the developer population that isn t experienced with native application development github already did this with their own atom text editor and proved that applications built with web technologies can be just as fast and performant as their native counterparts just like atom hyperterm can be easily plugged into and extended to do anything that the web can do if you can build the extension hyperterm can emulate it packages plugins and themes are already flowing in at a fast pace and with more than 6 000 stars on github since it s release almost two weeks ago the packages are only going to keep flowing in and growing in number i ve even contributed a theme and zsh configuration for it myself and i ve got a few more plugins in the works the best part of hyperterm to me is the possibility to take a tool that i use for hours on end every day and extend it into the perfect productivity tool for my development workflow '),
 ('47', 'slug', '0', 'en_us', ' terminal velocity '),
 ('47', 'title', '0', 'en_us', ' terminal velocity ');



DROP TABLE IF EXISTS `craft_sections`;


--
-- Schema for table `craft_sections`
--
CREATE TABLE `craft_sections` (
  `id` int(11) NOT NULL AUTO_INCREMENT,
  `structureId` int(11) DEFAULT NULL,
  `name` varchar(255) COLLATE utf8_unicode_ci NOT NULL,
  `handle` varchar(255) COLLATE utf8_unicode_ci NOT NULL,
  `type` enum('single','channel','structure') COLLATE utf8_unicode_ci NOT NULL DEFAULT 'channel',
  `hasUrls` tinyint(1) unsigned NOT NULL DEFAULT '1',
  `template` varchar(500) COLLATE utf8_unicode_ci DEFAULT NULL,
  `enableVersioning` tinyint(1) unsigned NOT NULL DEFAULT '0',
  `dateCreated` datetime NOT NULL,
  `dateUpdated` datetime NOT NULL,
  `uid` char(36) COLLATE utf8_unicode_ci NOT NULL DEFAULT '0',
  PRIMARY KEY (`id`),
  UNIQUE KEY `craft_sections_name_unq_idx` (`name`),
  UNIQUE KEY `craft_sections_handle_unq_idx` (`handle`),
  KEY `craft_sections_structureId_fk` (`structureId`)
) ENGINE=InnoDB AUTO_INCREMENT=7 DEFAULT CHARSET=utf8 COLLATE=utf8_unicode_ci;

--
-- Data for table `craft_sections`
--

INSERT INTO `craft_sections` (`id`, `structureId`, `name`, `handle`, `type`, `hasUrls`, `template`, `enableVersioning`, `dateCreated`, `dateUpdated`, `uid`) VALUES
 ('1', NULL, 'Homepage', 'home', 'single', '1', 'template-home/index.html', '1', '2016-05-24 21:48:18', '2016-05-24 22:01:59', 'be510902-09b1-4fbc-aa38-9d583df690d5'),
 ('3', NULL, 'About', 'about', 'single', '1', 'template-about/index.html', '1', '2016-05-25 22:19:59', '2016-05-29 22:47:04', 'c540f6d4-dc8f-4d1e-bf77-0cd5ce5f9cc4'),
 ('4', NULL, 'Projects', 'projects', 'single', '1', 'template-projects/index.html', '1', '2016-05-25 22:20:19', '2016-05-29 22:47:17', '2d897ad8-49f6-4559-a3b7-518fa5326ee4'),
 ('6', NULL, 'Journal', 'journal', 'channel', '1', 'template-blog/index.html', '1', '2016-05-25 22:21:54', '2016-05-29 22:47:10', 'ed30a508-d8d4-4c03-ab41-f27f7a38804b');



DROP TABLE IF EXISTS `craft_sections_i18n`;


--
-- Schema for table `craft_sections_i18n`
--
CREATE TABLE `craft_sections_i18n` (
  `id` int(11) NOT NULL AUTO_INCREMENT,
  `sectionId` int(11) NOT NULL,
  `locale` char(12) COLLATE utf8_unicode_ci NOT NULL,
  `enabledByDefault` tinyint(1) unsigned NOT NULL DEFAULT '1',
  `urlFormat` text COLLATE utf8_unicode_ci,
  `nestedUrlFormat` text COLLATE utf8_unicode_ci,
  `dateCreated` datetime NOT NULL,
  `dateUpdated` datetime NOT NULL,
  `uid` char(36) COLLATE utf8_unicode_ci NOT NULL DEFAULT '0',
  PRIMARY KEY (`id`),
  UNIQUE KEY `craft_sections_i18n_sectionId_locale_unq_idx` (`sectionId`,`locale`),
  KEY `craft_sections_i18n_locale_fk` (`locale`)
) ENGINE=InnoDB AUTO_INCREMENT=7 DEFAULT CHARSET=utf8 COLLATE=utf8_unicode_ci;

--
-- Data for table `craft_sections_i18n`
--

INSERT INTO `craft_sections_i18n` (`id`, `sectionId`, `locale`, `enabledByDefault`, `urlFormat`, `nestedUrlFormat`, `dateCreated`, `dateUpdated`, `uid`) VALUES
 ('1', '1', 'en_us', '1', '__home__', NULL, '2016-05-24 21:48:18', '2016-05-24 21:48:18', '074596e6-c83c-44c1-9c04-49432c35cb0d'),
 ('3', '3', 'en_us', '1', 'about', NULL, '2016-05-25 22:19:59', '2016-05-29 22:47:04', '7abbf2e2-7caa-4b9c-b210-cf8ae0f3141f'),
 ('4', '4', 'en_us', '1', 'projects', NULL, '2016-05-25 22:20:19', '2016-05-29 22:47:17', '0fabbec8-7bbe-4fa6-ac5d-e3b6025bde61'),
 ('6', '6', 'en_us', '1', 'journal/{slug}', NULL, '2016-05-25 22:21:54', '2016-05-29 22:47:10', 'ab223902-a204-4450-859c-6d110812eda5');



DROP TABLE IF EXISTS `craft_sessions`;


--
-- Schema for table `craft_sessions`
--
CREATE TABLE `craft_sessions` (
  `id` int(11) NOT NULL AUTO_INCREMENT,
  `userId` int(11) NOT NULL,
  `token` char(100) COLLATE utf8_unicode_ci NOT NULL,
  `dateCreated` datetime NOT NULL,
  `dateUpdated` datetime NOT NULL,
  `uid` char(36) COLLATE utf8_unicode_ci NOT NULL DEFAULT '0',
  PRIMARY KEY (`id`),
  KEY `craft_sessions_uid_idx` (`uid`),
  KEY `craft_sessions_token_idx` (`token`),
  KEY `craft_sessions_dateUpdated_idx` (`dateUpdated`),
  KEY `craft_sessions_userId_fk` (`userId`)
) ENGINE=InnoDB AUTO_INCREMENT=17 DEFAULT CHARSET=utf8 COLLATE=utf8_unicode_ci;

DROP TABLE IF EXISTS `craft_shunnedmessages`;


--
-- Schema for table `craft_shunnedmessages`
--
CREATE TABLE `craft_shunnedmessages` (
  `id` int(11) NOT NULL AUTO_INCREMENT,
  `userId` int(11) NOT NULL,
  `message` varchar(255) COLLATE utf8_unicode_ci NOT NULL,
  `expiryDate` datetime DEFAULT NULL,
  `dateCreated` datetime NOT NULL,
  `dateUpdated` datetime NOT NULL,
  `uid` char(36) COLLATE utf8_unicode_ci NOT NULL DEFAULT '0',
  PRIMARY KEY (`id`),
  UNIQUE KEY `craft_shunnedmessages_userId_message_unq_idx` (`userId`,`message`)
) ENGINE=InnoDB DEFAULT CHARSET=utf8 COLLATE=utf8_unicode_ci;

DROP TABLE IF EXISTS `craft_sproutseo_defaults`;


--
-- Schema for table `craft_sproutseo_defaults`
--
CREATE TABLE `craft_sproutseo_defaults` (
  `id` int(11) NOT NULL AUTO_INCREMENT,
  `name` varchar(255) COLLATE utf8_unicode_ci NOT NULL,
  `handle` varchar(255) COLLATE utf8_unicode_ci NOT NULL,
  `appendSiteName` varchar(255) COLLATE utf8_unicode_ci DEFAULT NULL,
  `globalFallback` tinyint(1) unsigned NOT NULL DEFAULT '0',
  `title` varchar(255) COLLATE utf8_unicode_ci DEFAULT NULL,
  `description` varchar(255) COLLATE utf8_unicode_ci DEFAULT NULL,
  `keywords` varchar(255) COLLATE utf8_unicode_ci DEFAULT NULL,
  `author` varchar(255) COLLATE utf8_unicode_ci DEFAULT NULL,
  `publisher` varchar(255) COLLATE utf8_unicode_ci DEFAULT NULL,
  `robots` varchar(255) COLLATE utf8_unicode_ci DEFAULT NULL,
  `canonical` varchar(255) COLLATE utf8_unicode_ci DEFAULT NULL,
  `region` varchar(255) COLLATE utf8_unicode_ci DEFAULT NULL,
  `placename` varchar(255) COLLATE utf8_unicode_ci DEFAULT NULL,
  `latitude` varchar(255) COLLATE utf8_unicode_ci DEFAULT NULL,
  `longitude` varchar(255) COLLATE utf8_unicode_ci DEFAULT NULL,
  `ogTitle` varchar(255) COLLATE utf8_unicode_ci DEFAULT NULL,
  `ogType` varchar(255) COLLATE utf8_unicode_ci DEFAULT NULL,
  `ogUrl` varchar(255) COLLATE utf8_unicode_ci DEFAULT NULL,
  `ogImage` varchar(255) COLLATE utf8_unicode_ci DEFAULT NULL,
  `ogAuthor` varchar(255) COLLATE utf8_unicode_ci DEFAULT NULL,
  `ogPublisher` varchar(255) COLLATE utf8_unicode_ci DEFAULT NULL,
  `ogSiteName` varchar(255) COLLATE utf8_unicode_ci DEFAULT NULL,
  `ogDescription` varchar(255) COLLATE utf8_unicode_ci DEFAULT NULL,
  `ogAudio` varchar(255) COLLATE utf8_unicode_ci DEFAULT NULL,
  `ogVideo` varchar(255) COLLATE utf8_unicode_ci DEFAULT NULL,
  `ogLocale` varchar(255) COLLATE utf8_unicode_ci DEFAULT NULL,
  `twitterCard` varchar(255) COLLATE utf8_unicode_ci DEFAULT NULL,
  `twitterSite` varchar(255) COLLATE utf8_unicode_ci DEFAULT NULL,
  `twitterTitle` varchar(255) COLLATE utf8_unicode_ci DEFAULT NULL,
  `twitterCreator` varchar(255) COLLATE utf8_unicode_ci DEFAULT NULL,
  `twitterDescription` varchar(255) COLLATE utf8_unicode_ci DEFAULT NULL,
  `twitterUrl` varchar(255) COLLATE utf8_unicode_ci DEFAULT NULL,
  `twitterImage` varchar(255) COLLATE utf8_unicode_ci DEFAULT NULL,
  `twitterPlayer` varchar(255) COLLATE utf8_unicode_ci DEFAULT NULL,
  `twitterPlayerStream` varchar(255) COLLATE utf8_unicode_ci DEFAULT NULL,
  `twitterPlayerStreamContentType` varchar(255) COLLATE utf8_unicode_ci DEFAULT NULL,
  `twitterPlayerWidth` varchar(255) COLLATE utf8_unicode_ci DEFAULT NULL,
  `twitterPlayerHeight` varchar(255) COLLATE utf8_unicode_ci DEFAULT NULL,
  `dateCreated` datetime NOT NULL,
  `dateUpdated` datetime NOT NULL,
  `uid` char(36) COLLATE utf8_unicode_ci NOT NULL DEFAULT '0',
  PRIMARY KEY (`id`),
  UNIQUE KEY `craft_sproutseo_defaults_name_handle_unq_idx` (`name`,`handle`)
) ENGINE=InnoDB AUTO_INCREMENT=2 DEFAULT CHARSET=utf8 COLLATE=utf8_unicode_ci;

--
-- Data for table `craft_sproutseo_defaults`
--

INSERT INTO `craft_sproutseo_defaults` (`id`, `name`, `handle`, `appendSiteName`, `globalFallback`, `title`, `description`, `keywords`, `author`, `publisher`, `robots`, `canonical`, `region`, `placename`, `latitude`, `longitude`, `ogTitle`, `ogType`, `ogUrl`, `ogImage`, `ogAuthor`, `ogPublisher`, `ogSiteName`, `ogDescription`, `ogAudio`, `ogVideo`, `ogLocale`, `twitterCard`, `twitterSite`, `twitterTitle`, `twitterCreator`, `twitterDescription`, `twitterUrl`, `twitterImage`, `twitterPlayer`, `twitterPlayerStream`, `twitterPlayerStreamContentType`, `twitterPlayerWidth`, `twitterPlayerHeight`, `dateCreated`, `dateUpdated`, `uid`) VALUES
 ('1', 'Default', 'default', '1', '1', 'Tyler Reckart', 'Tyler Reckart is a software developer, designer, not at all professional skateboarder and comic book enthusiast. This is his blog.', 'software, development, design, remote, entrepreneurship, tech', NULL, NULL, '', NULL, '', '', '', '', 'Tyler Reckart: Thought\'s on Software Development & Design', 'article', '', NULL, NULL, NULL, 'Tyler Reckart', '', '', '', '', '', '', '', '', '', NULL, NULL, '', '', '', '', '', '2016-06-03 17:55:14', '2016-06-04 17:57:19', '32c9d718-d9db-4219-9b4a-ad1f58e2af04');



DROP TABLE IF EXISTS `craft_sproutseo_overrides`;


--
-- Schema for table `craft_sproutseo_overrides`
--
CREATE TABLE `craft_sproutseo_overrides` (
  `id` int(11) NOT NULL AUTO_INCREMENT,
  `entryId` int(10) NOT NULL,
  `locale` char(12) COLLATE utf8_unicode_ci NOT NULL,
  `title` varchar(255) COLLATE utf8_unicode_ci DEFAULT NULL,
  `description` varchar(255) COLLATE utf8_unicode_ci DEFAULT NULL,
  `keywords` varchar(255) COLLATE utf8_unicode_ci DEFAULT NULL,
  `author` varchar(255) COLLATE utf8_unicode_ci DEFAULT NULL,
  `publisher` varchar(255) COLLATE utf8_unicode_ci DEFAULT NULL,
  `robots` varchar(255) COLLATE utf8_unicode_ci DEFAULT NULL,
  `canonical` varchar(255) COLLATE utf8_unicode_ci DEFAULT NULL,
  `region` varchar(255) COLLATE utf8_unicode_ci DEFAULT NULL,
  `placename` varchar(255) COLLATE utf8_unicode_ci DEFAULT NULL,
  `latitude` varchar(255) COLLATE utf8_unicode_ci DEFAULT NULL,
  `longitude` varchar(255) COLLATE utf8_unicode_ci DEFAULT NULL,
  `ogTitle` varchar(255) COLLATE utf8_unicode_ci DEFAULT NULL,
  `ogType` varchar(255) COLLATE utf8_unicode_ci DEFAULT NULL,
  `ogUrl` varchar(255) COLLATE utf8_unicode_ci DEFAULT NULL,
  `ogImage` varchar(255) COLLATE utf8_unicode_ci DEFAULT NULL,
  `ogSiteName` varchar(255) COLLATE utf8_unicode_ci DEFAULT NULL,
  `ogAuthor` varchar(255) COLLATE utf8_unicode_ci DEFAULT NULL,
  `ogPublisher` varchar(255) COLLATE utf8_unicode_ci DEFAULT NULL,
  `ogDescription` varchar(255) COLLATE utf8_unicode_ci DEFAULT NULL,
  `ogAudio` varchar(255) COLLATE utf8_unicode_ci DEFAULT NULL,
  `ogVideo` varchar(255) COLLATE utf8_unicode_ci DEFAULT NULL,
  `ogLocale` varchar(255) COLLATE utf8_unicode_ci DEFAULT NULL,
  `twitterCard` varchar(255) COLLATE utf8_unicode_ci DEFAULT NULL,
  `twitterSite` varchar(255) COLLATE utf8_unicode_ci DEFAULT NULL,
  `twitterTitle` varchar(255) COLLATE utf8_unicode_ci DEFAULT NULL,
  `twitterCreator` varchar(255) COLLATE utf8_unicode_ci DEFAULT NULL,
  `twitterDescription` varchar(255) COLLATE utf8_unicode_ci DEFAULT NULL,
  `twitterUrl` varchar(255) COLLATE utf8_unicode_ci DEFAULT NULL,
  `twitterImage` varchar(255) COLLATE utf8_unicode_ci DEFAULT NULL,
  `twitterPlayer` varchar(255) COLLATE utf8_unicode_ci DEFAULT NULL,
  `twitterPlayerStream` varchar(255) COLLATE utf8_unicode_ci DEFAULT NULL,
  `twitterPlayerStreamContentType` varchar(255) COLLATE utf8_unicode_ci DEFAULT NULL,
  `twitterPlayerWidth` varchar(255) COLLATE utf8_unicode_ci DEFAULT NULL,
  `twitterPlayerHeight` varchar(255) COLLATE utf8_unicode_ci DEFAULT NULL,
  `dateCreated` datetime NOT NULL,
  `dateUpdated` datetime NOT NULL,
  `uid` char(36) COLLATE utf8_unicode_ci NOT NULL DEFAULT '0',
  PRIMARY KEY (`id`),
  UNIQUE KEY `craft_sproutseo_overrides_entryId_locale_unq_idx` (`entryId`,`locale`)
) ENGINE=InnoDB DEFAULT CHARSET=utf8 COLLATE=utf8_unicode_ci;

DROP TABLE IF EXISTS `craft_sproutseo_redirects`;


--
-- Schema for table `craft_sproutseo_redirects`
--
CREATE TABLE `craft_sproutseo_redirects` (
  `id` int(11) NOT NULL,
  `oldUrl` varchar(255) COLLATE utf8_unicode_ci NOT NULL,
  `newUrl` varchar(255) COLLATE utf8_unicode_ci NOT NULL,
  `method` int(10) NOT NULL,
  `regex` tinyint(1) unsigned NOT NULL DEFAULT '0',
  `dateCreated` datetime NOT NULL,
  `dateUpdated` datetime NOT NULL,
  `uid` char(36) COLLATE utf8_unicode_ci NOT NULL DEFAULT '0',
  PRIMARY KEY (`id`),
  KEY `craft_sproutseo_redirects_id_idx` (`id`)
) ENGINE=InnoDB DEFAULT CHARSET=utf8 COLLATE=utf8_unicode_ci;

DROP TABLE IF EXISTS `craft_sproutseo_sitemap`;


--
-- Schema for table `craft_sproutseo_sitemap`
--
CREATE TABLE `craft_sproutseo_sitemap` (
  `id` int(11) NOT NULL AUTO_INCREMENT,
  `sectionId` int(10) DEFAULT NULL,
  `url` varchar(255) COLLATE utf8_unicode_ci DEFAULT NULL,
  `priority` decimal(11,1) NOT NULL DEFAULT '0.0',
  `changeFrequency` varchar(7) COLLATE utf8_unicode_ci NOT NULL DEFAULT 'weekly',
  `enabled` tinyint(1) unsigned NOT NULL DEFAULT '0',
  `ping` tinyint(1) unsigned NOT NULL DEFAULT '0',
  `dateCreated` datetime NOT NULL,
  `dateUpdated` datetime NOT NULL,
  `uid` char(36) COLLATE utf8_unicode_ci NOT NULL DEFAULT '0',
  PRIMARY KEY (`id`)
) ENGINE=InnoDB AUTO_INCREMENT=5 DEFAULT CHARSET=utf8 COLLATE=utf8_unicode_ci;

--
-- Data for table `craft_sproutseo_sitemap`
--

INSERT INTO `craft_sproutseo_sitemap` (`id`, `sectionId`, `url`, `priority`, `changeFrequency`, `enabled`, `ping`, `dateCreated`, `dateUpdated`, `uid`) VALUES
 ('1', '6', NULL, '1.0', 'weekly', '1', '0', '2016-06-01 00:00:00', '2016-06-03 17:55:29', 'a291fcdc-ed89-4c7e-accb-e510bd63e056'),
 ('2', '3', NULL, '0.9', 'weekly', '1', '0', '2016-06-03 00:00:00', '2016-06-03 17:55:37', '143f2079-d0b5-41dc-a843-86045515a271'),
 ('3', '1', NULL, '0.5', 'weekly', '1', '0', '2016-06-03 17:55:28', '2016-06-03 17:55:28', '73620ad8-a238-4665-a809-a038c733eb67'),
 ('4', '4', NULL, '0.8', 'weekly', '1', '0', '2016-06-03 00:00:00', '2016-06-03 17:55:41', 'bbf5b0dc-deb9-4fb2-becd-e3c3ac7fe56e');



DROP TABLE IF EXISTS `craft_structureelements`;


--
-- Schema for table `craft_structureelements`
--
CREATE TABLE `craft_structureelements` (
  `id` int(11) NOT NULL AUTO_INCREMENT,
  `structureId` int(11) NOT NULL,
  `elementId` int(11) DEFAULT NULL,
  `root` int(11) unsigned DEFAULT NULL,
  `lft` int(11) unsigned NOT NULL,
  `rgt` int(11) unsigned NOT NULL,
  `level` smallint(6) unsigned NOT NULL,
  `dateCreated` datetime NOT NULL,
  `dateUpdated` datetime NOT NULL,
  `uid` char(36) COLLATE utf8_unicode_ci NOT NULL DEFAULT '0',
  PRIMARY KEY (`id`),
  UNIQUE KEY `craft_structureelements_structureId_elementId_unq_idx` (`structureId`,`elementId`),
  KEY `craft_structureelements_root_idx` (`root`),
  KEY `craft_structureelements_lft_idx` (`lft`),
  KEY `craft_structureelements_rgt_idx` (`rgt`),
  KEY `craft_structureelements_level_idx` (`level`),
  KEY `craft_structureelements_elementId_fk` (`elementId`)
) ENGINE=InnoDB DEFAULT CHARSET=utf8 COLLATE=utf8_unicode_ci;

DROP TABLE IF EXISTS `craft_structures`;


--
-- Schema for table `craft_structures`
--
CREATE TABLE `craft_structures` (
  `id` int(11) NOT NULL AUTO_INCREMENT,
  `maxLevels` smallint(6) unsigned DEFAULT NULL,
  `dateCreated` datetime NOT NULL,
  `dateUpdated` datetime NOT NULL,
  `uid` char(36) COLLATE utf8_unicode_ci NOT NULL DEFAULT '0',
  PRIMARY KEY (`id`)
) ENGINE=InnoDB DEFAULT CHARSET=utf8 COLLATE=utf8_unicode_ci;

DROP TABLE IF EXISTS `craft_systemsettings`;


--
-- Schema for table `craft_systemsettings`
--
CREATE TABLE `craft_systemsettings` (
  `id` int(11) NOT NULL AUTO_INCREMENT,
  `category` varchar(15) COLLATE utf8_unicode_ci NOT NULL,
  `settings` text COLLATE utf8_unicode_ci,
  `dateCreated` datetime NOT NULL,
  `dateUpdated` datetime NOT NULL,
  `uid` char(36) COLLATE utf8_unicode_ci NOT NULL DEFAULT '0',
  PRIMARY KEY (`id`),
  UNIQUE KEY `craft_systemsettings_category_unq_idx` (`category`)
) ENGINE=InnoDB AUTO_INCREMENT=2 DEFAULT CHARSET=utf8 COLLATE=utf8_unicode_ci;

--
-- Data for table `craft_systemsettings`
--

INSERT INTO `craft_systemsettings` (`id`, `category`, `settings`, `dateCreated`, `dateUpdated`, `uid`) VALUES
 ('1', 'email', '{\"protocol\":\"php\",\"emailAddress\":\"tyler.reckart@gmail.com\",\"senderName\":\"Tyler Reckart\"}', '2016-05-24 21:48:18', '2016-05-24 21:48:18', '9ec1b933-8a55-42d6-9c22-2ae88e6ae058');



DROP TABLE IF EXISTS `craft_taggroups`;


--
-- Schema for table `craft_taggroups`
--
CREATE TABLE `craft_taggroups` (
  `id` int(11) NOT NULL AUTO_INCREMENT,
  `name` varchar(255) COLLATE utf8_unicode_ci NOT NULL,
  `handle` varchar(255) COLLATE utf8_unicode_ci NOT NULL,
  `fieldLayoutId` int(10) DEFAULT NULL,
  `dateCreated` datetime NOT NULL,
  `dateUpdated` datetime NOT NULL,
  `uid` char(36) COLLATE utf8_unicode_ci NOT NULL DEFAULT '0',
  PRIMARY KEY (`id`),
  UNIQUE KEY `craft_taggroups_name_unq_idx` (`name`),
  UNIQUE KEY `craft_taggroups_handle_unq_idx` (`handle`),
  KEY `craft_taggroups_fieldLayoutId_fk` (`fieldLayoutId`)
) ENGINE=InnoDB AUTO_INCREMENT=2 DEFAULT CHARSET=utf8 COLLATE=utf8_unicode_ci;

--
-- Data for table `craft_taggroups`
--

INSERT INTO `craft_taggroups` (`id`, `name`, `handle`, `fieldLayoutId`, `dateCreated`, `dateUpdated`, `uid`) VALUES
 ('1', 'Default', 'default', '1', '2016-05-24 21:48:18', '2016-05-24 21:48:18', 'ccb89e42-9963-48b2-9853-cd05aac16543');



DROP TABLE IF EXISTS `craft_tags`;


--
-- Schema for table `craft_tags`
--
CREATE TABLE `craft_tags` (
  `id` int(11) NOT NULL,
  `groupId` int(11) NOT NULL,
  `dateCreated` datetime NOT NULL,
  `dateUpdated` datetime NOT NULL,
  `uid` char(36) COLLATE utf8_unicode_ci NOT NULL DEFAULT '0',
  PRIMARY KEY (`id`),
  KEY `craft_tags_groupId_fk` (`groupId`)
) ENGINE=InnoDB DEFAULT CHARSET=utf8 COLLATE=utf8_unicode_ci;

DROP TABLE IF EXISTS `craft_tasks`;


--
-- Schema for table `craft_tasks`
--
CREATE TABLE `craft_tasks` (
  `id` int(11) NOT NULL AUTO_INCREMENT,
  `root` int(11) unsigned DEFAULT NULL,
  `lft` int(11) unsigned NOT NULL,
  `rgt` int(11) unsigned NOT NULL,
  `level` smallint(6) unsigned NOT NULL,
  `currentStep` int(11) unsigned DEFAULT NULL,
  `totalSteps` int(11) unsigned DEFAULT NULL,
  `status` enum('pending','error','running') COLLATE utf8_unicode_ci DEFAULT NULL,
  `type` varchar(150) COLLATE utf8_unicode_ci NOT NULL,
  `description` varchar(255) COLLATE utf8_unicode_ci DEFAULT NULL,
  `settings` mediumtext COLLATE utf8_unicode_ci,
  `dateCreated` datetime NOT NULL,
  `dateUpdated` datetime NOT NULL,
  `uid` char(36) COLLATE utf8_unicode_ci NOT NULL DEFAULT '0',
  PRIMARY KEY (`id`),
  KEY `craft_tasks_root_idx` (`root`),
  KEY `craft_tasks_lft_idx` (`lft`),
  KEY `craft_tasks_rgt_idx` (`rgt`),
  KEY `craft_tasks_level_idx` (`level`)
) ENGINE=InnoDB AUTO_INCREMENT=16 DEFAULT CHARSET=utf8 COLLATE=utf8_unicode_ci;

DROP TABLE IF EXISTS `craft_templatecachecriteria`;


--
-- Schema for table `craft_templatecachecriteria`
--
CREATE TABLE `craft_templatecachecriteria` (
  `id` int(11) NOT NULL AUTO_INCREMENT,
  `cacheId` int(11) NOT NULL,
  `type` varchar(150) COLLATE utf8_unicode_ci NOT NULL,
  `criteria` text COLLATE utf8_unicode_ci NOT NULL,
  PRIMARY KEY (`id`),
  KEY `craft_templatecachecriteria_cacheId_fk` (`cacheId`),
  KEY `craft_templatecachecriteria_type_idx` (`type`)
) ENGINE=InnoDB DEFAULT CHARSET=utf8 COLLATE=utf8_unicode_ci;

DROP TABLE IF EXISTS `craft_templatecacheelements`;


--
-- Schema for table `craft_templatecacheelements`
--
CREATE TABLE `craft_templatecacheelements` (
  `cacheId` int(11) NOT NULL,
  `elementId` int(11) NOT NULL,
  KEY `craft_templatecacheelements_cacheId_fk` (`cacheId`),
  KEY `craft_templatecacheelements_elementId_fk` (`elementId`)
) ENGINE=InnoDB DEFAULT CHARSET=utf8 COLLATE=utf8_unicode_ci;

DROP TABLE IF EXISTS `craft_templatecaches`;


--
-- Schema for table `craft_templatecaches`
--
CREATE TABLE `craft_templatecaches` (
  `id` int(11) NOT NULL AUTO_INCREMENT,
  `cacheKey` varchar(255) COLLATE utf8_unicode_ci NOT NULL,
  `locale` char(12) COLLATE utf8_unicode_ci NOT NULL,
  `path` varchar(255) COLLATE utf8_unicode_ci DEFAULT NULL,
  `expiryDate` datetime NOT NULL,
  `body` mediumtext COLLATE utf8_unicode_ci NOT NULL,
  PRIMARY KEY (`id`),
  KEY `craft_templatecaches_expiryDate_cacheKey_locale_path_idx` (`expiryDate`,`cacheKey`,`locale`,`path`),
  KEY `craft_templatecaches_locale_fk` (`locale`)
) ENGINE=InnoDB DEFAULT CHARSET=utf8 COLLATE=utf8_unicode_ci;

DROP TABLE IF EXISTS `craft_tokens`;


--
-- Schema for table `craft_tokens`
--
CREATE TABLE `craft_tokens` (
  `id` int(11) NOT NULL AUTO_INCREMENT,
  `token` char(32) COLLATE utf8_unicode_ci NOT NULL,
  `route` text COLLATE utf8_unicode_ci,
  `usageLimit` tinyint(3) unsigned DEFAULT NULL,
  `usageCount` tinyint(3) unsigned DEFAULT NULL,
  `expiryDate` datetime NOT NULL,
  `dateCreated` datetime NOT NULL,
  `dateUpdated` datetime NOT NULL,
  `uid` char(36) COLLATE utf8_unicode_ci NOT NULL DEFAULT '0',
  PRIMARY KEY (`id`),
  UNIQUE KEY `craft_tokens_token_unq_idx` (`token`),
  KEY `craft_tokens_expiryDate_idx` (`expiryDate`)
) ENGINE=InnoDB DEFAULT CHARSET=utf8 COLLATE=utf8_unicode_ci;

DROP TABLE IF EXISTS `craft_usergroups`;


--
-- Schema for table `craft_usergroups`
--
CREATE TABLE `craft_usergroups` (
  `id` int(11) NOT NULL AUTO_INCREMENT,
  `name` varchar(255) COLLATE utf8_unicode_ci NOT NULL,
  `handle` varchar(255) COLLATE utf8_unicode_ci NOT NULL,
  `dateCreated` datetime NOT NULL,
  `dateUpdated` datetime NOT NULL,
  `uid` char(36) COLLATE utf8_unicode_ci NOT NULL DEFAULT '0',
  PRIMARY KEY (`id`)
) ENGINE=InnoDB DEFAULT CHARSET=utf8 COLLATE=utf8_unicode_ci;

DROP TABLE IF EXISTS `craft_usergroups_users`;


--
-- Schema for table `craft_usergroups_users`
--
CREATE TABLE `craft_usergroups_users` (
  `id` int(11) NOT NULL AUTO_INCREMENT,
  `groupId` int(11) NOT NULL,
  `userId` int(11) NOT NULL,
  `dateCreated` datetime NOT NULL,
  `dateUpdated` datetime NOT NULL,
  `uid` char(36) COLLATE utf8_unicode_ci NOT NULL DEFAULT '0',
  PRIMARY KEY (`id`),
  UNIQUE KEY `craft_usergroups_users_groupId_userId_unq_idx` (`groupId`,`userId`),
  KEY `craft_usergroups_users_userId_fk` (`userId`)
) ENGINE=InnoDB DEFAULT CHARSET=utf8 COLLATE=utf8_unicode_ci;

DROP TABLE IF EXISTS `craft_userpermissions`;


--
-- Schema for table `craft_userpermissions`
--
CREATE TABLE `craft_userpermissions` (
  `id` int(11) NOT NULL AUTO_INCREMENT,
  `name` varchar(255) COLLATE utf8_unicode_ci NOT NULL,
  `dateCreated` datetime NOT NULL,
  `dateUpdated` datetime NOT NULL,
  `uid` char(36) COLLATE utf8_unicode_ci NOT NULL DEFAULT '0',
  PRIMARY KEY (`id`),
  UNIQUE KEY `craft_userpermissions_name_unq_idx` (`name`)
) ENGINE=InnoDB DEFAULT CHARSET=utf8 COLLATE=utf8_unicode_ci;

DROP TABLE IF EXISTS `craft_userpermissions_usergroups`;


--
-- Schema for table `craft_userpermissions_usergroups`
--
CREATE TABLE `craft_userpermissions_usergroups` (
  `id` int(11) NOT NULL AUTO_INCREMENT,
  `permissionId` int(11) NOT NULL,
  `groupId` int(11) NOT NULL,
  `dateCreated` datetime NOT NULL,
  `dateUpdated` datetime NOT NULL,
  `uid` char(36) COLLATE utf8_unicode_ci NOT NULL DEFAULT '0',
  PRIMARY KEY (`id`),
  UNIQUE KEY `craft_userpermissions_usergroups_permissionId_groupId_unq_idx` (`permissionId`,`groupId`),
  KEY `craft_userpermissions_usergroups_groupId_fk` (`groupId`)
) ENGINE=InnoDB DEFAULT CHARSET=utf8 COLLATE=utf8_unicode_ci;

DROP TABLE IF EXISTS `craft_userpermissions_users`;


--
-- Schema for table `craft_userpermissions_users`
--
CREATE TABLE `craft_userpermissions_users` (
  `id` int(11) NOT NULL AUTO_INCREMENT,
  `permissionId` int(11) NOT NULL,
  `userId` int(11) NOT NULL,
  `dateCreated` datetime NOT NULL,
  `dateUpdated` datetime NOT NULL,
  `uid` char(36) COLLATE utf8_unicode_ci NOT NULL DEFAULT '0',
  PRIMARY KEY (`id`),
  UNIQUE KEY `craft_userpermissions_users_permissionId_userId_unq_idx` (`permissionId`,`userId`),
  KEY `craft_userpermissions_users_userId_fk` (`userId`)
) ENGINE=InnoDB DEFAULT CHARSET=utf8 COLLATE=utf8_unicode_ci;

DROP TABLE IF EXISTS `craft_users`;


--
-- Schema for table `craft_users`
--
CREATE TABLE `craft_users` (
  `id` int(11) NOT NULL,
  `username` varchar(100) COLLATE utf8_unicode_ci NOT NULL,
  `photo` varchar(100) COLLATE utf8_unicode_ci DEFAULT NULL,
  `firstName` varchar(100) COLLATE utf8_unicode_ci DEFAULT NULL,
  `lastName` varchar(100) COLLATE utf8_unicode_ci DEFAULT NULL,
  `email` varchar(255) COLLATE utf8_unicode_ci NOT NULL,
  `password` char(255) COLLATE utf8_unicode_ci DEFAULT NULL,
  `preferredLocale` char(12) COLLATE utf8_unicode_ci DEFAULT NULL,
  `weekStartDay` tinyint(1) unsigned NOT NULL DEFAULT '0',
  `admin` tinyint(1) unsigned NOT NULL DEFAULT '0',
  `client` tinyint(1) unsigned NOT NULL DEFAULT '0',
  `locked` tinyint(1) unsigned NOT NULL DEFAULT '0',
  `suspended` tinyint(1) unsigned NOT NULL DEFAULT '0',
  `pending` tinyint(1) unsigned NOT NULL DEFAULT '0',
  `archived` tinyint(1) unsigned NOT NULL DEFAULT '0',
  `lastLoginDate` datetime DEFAULT NULL,
  `lastLoginAttemptIPAddress` varchar(45) COLLATE utf8_unicode_ci DEFAULT NULL,
  `invalidLoginWindowStart` datetime DEFAULT NULL,
  `invalidLoginCount` tinyint(4) unsigned DEFAULT NULL,
  `lastInvalidLoginDate` datetime DEFAULT NULL,
  `lockoutDate` datetime DEFAULT NULL,
  `verificationCode` char(100) COLLATE utf8_unicode_ci DEFAULT NULL,
  `verificationCodeIssuedDate` datetime DEFAULT NULL,
  `unverifiedEmail` varchar(255) COLLATE utf8_unicode_ci DEFAULT NULL,
  `passwordResetRequired` tinyint(1) unsigned NOT NULL DEFAULT '0',
  `lastPasswordChangeDate` datetime DEFAULT NULL,
  `dateCreated` datetime NOT NULL,
  `dateUpdated` datetime NOT NULL,
  `uid` char(36) COLLATE utf8_unicode_ci NOT NULL DEFAULT '0',
  PRIMARY KEY (`id`),
  UNIQUE KEY `craft_users_username_unq_idx` (`username`),
  UNIQUE KEY `craft_users_email_unq_idx` (`email`),
  KEY `craft_users_verificationCode_idx` (`verificationCode`),
  KEY `craft_users_uid_idx` (`uid`),
  KEY `craft_users_preferredLocale_fk` (`preferredLocale`)
) ENGINE=InnoDB DEFAULT CHARSET=utf8 COLLATE=utf8_unicode_ci;

--
-- Data for table `craft_users`
--

INSERT INTO `craft_users` (`id`, `username`, `photo`, `firstName`, `lastName`, `email`, `password`, `preferredLocale`, `weekStartDay`, `admin`, `client`, `locked`, `suspended`, `pending`, `archived`, `lastLoginDate`, `lastLoginAttemptIPAddress`, `invalidLoginWindowStart`, `invalidLoginCount`, `lastInvalidLoginDate`, `lockoutDate`, `verificationCode`, `verificationCodeIssuedDate`, `unverifiedEmail`, `passwordResetRequired`, `lastPasswordChangeDate`, `dateCreated`, `dateUpdated`, `uid`) VALUES
 ('1', 'Admin', 'image.jpg', 'Tyler', 'Reckart', 'tyler.reckart@gmail.com', '$2y$13$YdxSnwQvtBVm4D6hVGkAtOOA5hT89OYqCDsJjblRFe204KadT8Xsy', NULL, '0', '1', '0', '0', '0', '0', '0', '2016-07-27 15:09:40', '96.37.50.183', NULL, NULL, '2016-06-08 18:37:25', NULL, NULL, NULL, NULL, '0', '2016-05-29 21:44:03', '2016-05-24 21:48:15', '2016-07-27 15:09:40', 'e3440abc-a833-46d2-ad47-aec00b1e3932');



DROP TABLE IF EXISTS `craft_widgets`;


--
-- Schema for table `craft_widgets`
--
CREATE TABLE `craft_widgets` (
  `id` int(11) NOT NULL AUTO_INCREMENT,
  `userId` int(11) NOT NULL,
  `type` varchar(150) COLLATE utf8_unicode_ci NOT NULL,
  `sortOrder` smallint(6) unsigned DEFAULT NULL,
  `colspan` tinyint(4) unsigned DEFAULT NULL,
  `settings` text COLLATE utf8_unicode_ci,
  `enabled` tinyint(1) unsigned NOT NULL DEFAULT '1',
  `dateCreated` datetime NOT NULL,
  `dateUpdated` datetime NOT NULL,
  `uid` char(36) COLLATE utf8_unicode_ci NOT NULL DEFAULT '0',
  PRIMARY KEY (`id`),
  KEY `craft_widgets_userId_fk` (`userId`)
) ENGINE=InnoDB AUTO_INCREMENT=5 DEFAULT CHARSET=utf8 COLLATE=utf8_unicode_ci;

--
-- Data for table `craft_widgets`
--

INSERT INTO `craft_widgets` (`id`, `userId`, `type`, `sortOrder`, `colspan`, `settings`, `enabled`, `dateCreated`, `dateUpdated`, `uid`) VALUES
 ('1', '1', 'RecentEntries', '1', NULL, NULL, '1', '2016-05-24 21:48:21', '2016-05-24 21:48:21', '5da188a2-74e3-4112-9c2f-b65bab7cca69'),
 ('2', '1', 'GetHelp', '2', NULL, NULL, '1', '2016-05-24 21:48:21', '2016-05-24 21:48:21', 'c2d613f4-a216-4922-a5ce-ad370bb4e612'),
 ('3', '1', 'Updates', '3', NULL, NULL, '1', '2016-05-24 21:48:21', '2016-05-24 21:48:21', 'b9fd654d-61ce-4fc9-b0cf-302e0aa699dc'),
 ('4', '1', 'Feed', '4', NULL, '{\"url\":\"https:\\/\\/craftcms.com\\/news.rss\",\"title\":\"Craft News\"}', '1', '2016-05-24 21:48:21', '2016-05-24 21:48:21', 'e98c9cce-8f1e-4158-83c1-9c99f3a24610');


--
-- Constraints for tables
--


--
-- Constraints for table `craft_assetfiles`
--
ALTER TABLE `craft_assetfiles`
	ADD CONSTRAINT `craft_assetfiles_folderId_fk` FOREIGN KEY (`folderId`) REFERENCES `craft_assetfolders` (`id`) ON DELETE CASCADE,
	ADD CONSTRAINT `craft_assetfiles_id_fk` FOREIGN KEY (`id`) REFERENCES `craft_elements` (`id`) ON DELETE CASCADE,
	ADD CONSTRAINT `craft_assetfiles_sourceId_fk` FOREIGN KEY (`sourceId`) REFERENCES `craft_assetsources` (`id`) ON DELETE CASCADE;

--
-- Constraints for table `craft_assetfolders`
--
ALTER TABLE `craft_assetfolders`
	ADD CONSTRAINT `craft_assetfolders_parentId_fk` FOREIGN KEY (`parentId`) REFERENCES `craft_assetfolders` (`id`) ON DELETE CASCADE,
	ADD CONSTRAINT `craft_assetfolders_sourceId_fk` FOREIGN KEY (`sourceId`) REFERENCES `craft_assetsources` (`id`) ON DELETE CASCADE;

--
-- Constraints for table `craft_assetindexdata`
--
ALTER TABLE `craft_assetindexdata`
	ADD CONSTRAINT `craft_assetindexdata_sourceId_fk` FOREIGN KEY (`sourceId`) REFERENCES `craft_assetsources` (`id`) ON DELETE CASCADE;

--
-- Constraints for table `craft_assetsources`
--
ALTER TABLE `craft_assetsources`
	ADD CONSTRAINT `craft_assetsources_fieldLayoutId_fk` FOREIGN KEY (`fieldLayoutId`) REFERENCES `craft_fieldlayouts` (`id`) ON DELETE SET NULL;

--
-- Constraints for table `craft_categories`
--
ALTER TABLE `craft_categories`
	ADD CONSTRAINT `craft_categories_groupId_fk` FOREIGN KEY (`groupId`) REFERENCES `craft_categorygroups` (`id`) ON DELETE CASCADE,
	ADD CONSTRAINT `craft_categories_id_fk` FOREIGN KEY (`id`) REFERENCES `craft_elements` (`id`) ON DELETE CASCADE;

--
-- Constraints for table `craft_categorygroups`
--
ALTER TABLE `craft_categorygroups`
	ADD CONSTRAINT `craft_categorygroups_fieldLayoutId_fk` FOREIGN KEY (`fieldLayoutId`) REFERENCES `craft_fieldlayouts` (`id`) ON DELETE SET NULL,
	ADD CONSTRAINT `craft_categorygroups_structureId_fk` FOREIGN KEY (`structureId`) REFERENCES `craft_structures` (`id`) ON DELETE CASCADE;

--
-- Constraints for table `craft_categorygroups_i18n`
--
ALTER TABLE `craft_categorygroups_i18n`
	ADD CONSTRAINT `craft_categorygroups_i18n_groupId_fk` FOREIGN KEY (`groupId`) REFERENCES `craft_categorygroups` (`id`) ON DELETE CASCADE,
	ADD CONSTRAINT `craft_categorygroups_i18n_locale_fk` FOREIGN KEY (`locale`) REFERENCES `craft_locales` (`locale`) ON DELETE CASCADE ON UPDATE CASCADE;

--
-- Constraints for table `craft_content`
--
ALTER TABLE `craft_content`
	ADD CONSTRAINT `craft_content_elementId_fk` FOREIGN KEY (`elementId`) REFERENCES `craft_elements` (`id`) ON DELETE CASCADE,
	ADD CONSTRAINT `craft_content_locale_fk` FOREIGN KEY (`locale`) REFERENCES `craft_locales` (`locale`) ON DELETE CASCADE ON UPDATE CASCADE;

--
-- Constraints for table `craft_elements_i18n`
--
ALTER TABLE `craft_elements_i18n`
	ADD CONSTRAINT `craft_elements_i18n_elementId_fk` FOREIGN KEY (`elementId`) REFERENCES `craft_elements` (`id`) ON DELETE CASCADE,
	ADD CONSTRAINT `craft_elements_i18n_locale_fk` FOREIGN KEY (`locale`) REFERENCES `craft_locales` (`locale`) ON DELETE CASCADE ON UPDATE CASCADE;

--
-- Constraints for table `craft_emailmessages`
--
ALTER TABLE `craft_emailmessages`
	ADD CONSTRAINT `craft_emailmessages_locale_fk` FOREIGN KEY (`locale`) REFERENCES `craft_locales` (`locale`) ON DELETE CASCADE ON UPDATE CASCADE;

--
-- Constraints for table `craft_entries`
--
ALTER TABLE `craft_entries`
	ADD CONSTRAINT `craft_entries_authorId_fk` FOREIGN KEY (`authorId`) REFERENCES `craft_users` (`id`) ON DELETE CASCADE,
	ADD CONSTRAINT `craft_entries_id_fk` FOREIGN KEY (`id`) REFERENCES `craft_elements` (`id`) ON DELETE CASCADE,
	ADD CONSTRAINT `craft_entries_sectionId_fk` FOREIGN KEY (`sectionId`) REFERENCES `craft_sections` (`id`) ON DELETE CASCADE,
	ADD CONSTRAINT `craft_entries_typeId_fk` FOREIGN KEY (`typeId`) REFERENCES `craft_entrytypes` (`id`) ON DELETE CASCADE;

--
-- Constraints for table `craft_entrydrafts`
--
ALTER TABLE `craft_entrydrafts`
	ADD CONSTRAINT `craft_entrydrafts_creatorId_fk` FOREIGN KEY (`creatorId`) REFERENCES `craft_users` (`id`) ON DELETE CASCADE,
	ADD CONSTRAINT `craft_entrydrafts_entryId_fk` FOREIGN KEY (`entryId`) REFERENCES `craft_entries` (`id`) ON DELETE CASCADE,
	ADD CONSTRAINT `craft_entrydrafts_locale_fk` FOREIGN KEY (`locale`) REFERENCES `craft_locales` (`locale`) ON DELETE CASCADE ON UPDATE CASCADE,
	ADD CONSTRAINT `craft_entrydrafts_sectionId_fk` FOREIGN KEY (`sectionId`) REFERENCES `craft_sections` (`id`) ON DELETE CASCADE;

--
-- Constraints for table `craft_entrytypes`
--
ALTER TABLE `craft_entrytypes`
	ADD CONSTRAINT `craft_entrytypes_fieldLayoutId_fk` FOREIGN KEY (`fieldLayoutId`) REFERENCES `craft_fieldlayouts` (`id`) ON DELETE SET NULL,
	ADD CONSTRAINT `craft_entrytypes_sectionId_fk` FOREIGN KEY (`sectionId`) REFERENCES `craft_sections` (`id`) ON DELETE CASCADE;

--
-- Constraints for table `craft_entryversions`
--
ALTER TABLE `craft_entryversions`
	ADD CONSTRAINT `craft_entryversions_creatorId_fk` FOREIGN KEY (`creatorId`) REFERENCES `craft_users` (`id`) ON DELETE SET NULL,
	ADD CONSTRAINT `craft_entryversions_entryId_fk` FOREIGN KEY (`entryId`) REFERENCES `craft_entries` (`id`) ON DELETE CASCADE,
	ADD CONSTRAINT `craft_entryversions_locale_fk` FOREIGN KEY (`locale`) REFERENCES `craft_locales` (`locale`) ON DELETE CASCADE ON UPDATE CASCADE,
	ADD CONSTRAINT `craft_entryversions_sectionId_fk` FOREIGN KEY (`sectionId`) REFERENCES `craft_sections` (`id`) ON DELETE CASCADE;

--
-- Constraints for table `craft_fieldlayoutfields`
--
ALTER TABLE `craft_fieldlayoutfields`
	ADD CONSTRAINT `craft_fieldlayoutfields_fieldId_fk` FOREIGN KEY (`fieldId`) REFERENCES `craft_fields` (`id`) ON DELETE CASCADE,
	ADD CONSTRAINT `craft_fieldlayoutfields_layoutId_fk` FOREIGN KEY (`layoutId`) REFERENCES `craft_fieldlayouts` (`id`) ON DELETE CASCADE,
	ADD CONSTRAINT `craft_fieldlayoutfields_tabId_fk` FOREIGN KEY (`tabId`) REFERENCES `craft_fieldlayouttabs` (`id`) ON DELETE CASCADE;

--
-- Constraints for table `craft_fieldlayouttabs`
--
ALTER TABLE `craft_fieldlayouttabs`
	ADD CONSTRAINT `craft_fieldlayouttabs_layoutId_fk` FOREIGN KEY (`layoutId`) REFERENCES `craft_fieldlayouts` (`id`) ON DELETE CASCADE;

--
-- Constraints for table `craft_fields`
--
ALTER TABLE `craft_fields`
	ADD CONSTRAINT `craft_fields_groupId_fk` FOREIGN KEY (`groupId`) REFERENCES `craft_fieldgroups` (`id`) ON DELETE CASCADE;

--
-- Constraints for table `craft_globalsets`
--
ALTER TABLE `craft_globalsets`
	ADD CONSTRAINT `craft_globalsets_fieldLayoutId_fk` FOREIGN KEY (`fieldLayoutId`) REFERENCES `craft_fieldlayouts` (`id`) ON DELETE SET NULL,
	ADD CONSTRAINT `craft_globalsets_id_fk` FOREIGN KEY (`id`) REFERENCES `craft_elements` (`id`) ON DELETE CASCADE;

--
-- Constraints for table `craft_matrixblocks`
--
ALTER TABLE `craft_matrixblocks`
	ADD CONSTRAINT `craft_matrixblocks_fieldId_fk` FOREIGN KEY (`fieldId`) REFERENCES `craft_fields` (`id`) ON DELETE CASCADE,
	ADD CONSTRAINT `craft_matrixblocks_id_fk` FOREIGN KEY (`id`) REFERENCES `craft_elements` (`id`) ON DELETE CASCADE,
	ADD CONSTRAINT `craft_matrixblocks_ownerId_fk` FOREIGN KEY (`ownerId`) REFERENCES `craft_elements` (`id`) ON DELETE CASCADE,
	ADD CONSTRAINT `craft_matrixblocks_ownerLocale_fk` FOREIGN KEY (`ownerLocale`) REFERENCES `craft_locales` (`locale`) ON DELETE CASCADE ON UPDATE CASCADE,
	ADD CONSTRAINT `craft_matrixblocks_typeId_fk` FOREIGN KEY (`typeId`) REFERENCES `craft_matrixblocktypes` (`id`) ON DELETE CASCADE;

--
-- Constraints for table `craft_matrixblocktypes`
--
ALTER TABLE `craft_matrixblocktypes`
	ADD CONSTRAINT `craft_matrixblocktypes_fieldId_fk` FOREIGN KEY (`fieldId`) REFERENCES `craft_fields` (`id`) ON DELETE CASCADE,
	ADD CONSTRAINT `craft_matrixblocktypes_fieldLayoutId_fk` FOREIGN KEY (`fieldLayoutId`) REFERENCES `craft_fieldlayouts` (`id`) ON DELETE SET NULL;

--
-- Constraints for table `craft_matrixcontent_contentsection`
--
ALTER TABLE `craft_matrixcontent_contentsection`
	ADD CONSTRAINT `craft_matrixcontent_contentsection_elementId_fk` FOREIGN KEY (`elementId`) REFERENCES `craft_elements` (`id`) ON DELETE CASCADE,
	ADD CONSTRAINT `craft_matrixcontent_contentsection_locale_fk` FOREIGN KEY (`locale`) REFERENCES `craft_locales` (`locale`) ON DELETE CASCADE ON UPDATE CASCADE;

--
-- Constraints for table `craft_matrixcontent_navigation`
--
ALTER TABLE `craft_matrixcontent_navigation`
	ADD CONSTRAINT `craft_matrixcontent_navigation_elementId_fk` FOREIGN KEY (`elementId`) REFERENCES `craft_elements` (`id`) ON DELETE CASCADE,
	ADD CONSTRAINT `craft_matrixcontent_navigation_locale_fk` FOREIGN KEY (`locale`) REFERENCES `craft_locales` (`locale`) ON DELETE CASCADE ON UPDATE CASCADE;

--
-- Constraints for table `craft_matrixcontent_projectcontainer`
--
ALTER TABLE `craft_matrixcontent_projectcontainer`
	ADD CONSTRAINT `craft_matrixcontent_projectcontainer_elementId_fk` FOREIGN KEY (`elementId`) REFERENCES `craft_elements` (`id`) ON DELETE CASCADE,
	ADD CONSTRAINT `craft_matrixcontent_projectcontainer_locale_fk` FOREIGN KEY (`locale`) REFERENCES `craft_locales` (`locale`) ON DELETE CASCADE ON UPDATE CASCADE;

--
-- Constraints for table `craft_migrations`
--
ALTER TABLE `craft_migrations`
	ADD CONSTRAINT `craft_migrations_pluginId_fk` FOREIGN KEY (`pluginId`) REFERENCES `craft_plugins` (`id`) ON DELETE CASCADE;

--
-- Constraints for table `craft_relations`
--
ALTER TABLE `craft_relations`
	ADD CONSTRAINT `craft_relations_fieldId_fk` FOREIGN KEY (`fieldId`) REFERENCES `craft_fields` (`id`) ON DELETE CASCADE,
	ADD CONSTRAINT `craft_relations_sourceId_fk` FOREIGN KEY (`sourceId`) REFERENCES `craft_elements` (`id`) ON DELETE CASCADE,
	ADD CONSTRAINT `craft_relations_sourceLocale_fk` FOREIGN KEY (`sourceLocale`) REFERENCES `craft_locales` (`locale`) ON DELETE CASCADE ON UPDATE CASCADE,
	ADD CONSTRAINT `craft_relations_targetId_fk` FOREIGN KEY (`targetId`) REFERENCES `craft_elements` (`id`) ON DELETE CASCADE;

--
-- Constraints for table `craft_routes`
--
ALTER TABLE `craft_routes`
	ADD CONSTRAINT `craft_routes_locale_fk` FOREIGN KEY (`locale`) REFERENCES `craft_locales` (`locale`) ON DELETE CASCADE ON UPDATE CASCADE;

--
-- Constraints for table `craft_sections`
--
ALTER TABLE `craft_sections`
	ADD CONSTRAINT `craft_sections_structureId_fk` FOREIGN KEY (`structureId`) REFERENCES `craft_structures` (`id`) ON DELETE SET NULL;

--
-- Constraints for table `craft_sections_i18n`
--
ALTER TABLE `craft_sections_i18n`
	ADD CONSTRAINT `craft_sections_i18n_locale_fk` FOREIGN KEY (`locale`) REFERENCES `craft_locales` (`locale`) ON DELETE CASCADE ON UPDATE CASCADE,
	ADD CONSTRAINT `craft_sections_i18n_sectionId_fk` FOREIGN KEY (`sectionId`) REFERENCES `craft_sections` (`id`) ON DELETE CASCADE;

--
-- Constraints for table `craft_sessions`
--
ALTER TABLE `craft_sessions`
	ADD CONSTRAINT `craft_sessions_userId_fk` FOREIGN KEY (`userId`) REFERENCES `craft_users` (`id`) ON DELETE CASCADE;

--
-- Constraints for table `craft_shunnedmessages`
--
ALTER TABLE `craft_shunnedmessages`
	ADD CONSTRAINT `craft_shunnedmessages_userId_fk` FOREIGN KEY (`userId`) REFERENCES `craft_users` (`id`) ON DELETE CASCADE;

--
-- Constraints for table `craft_sproutseo_redirects`
--
ALTER TABLE `craft_sproutseo_redirects`
	ADD CONSTRAINT `craft_sproutseo_redirects_id_fk` FOREIGN KEY (`id`) REFERENCES `craft_elements` (`id`) ON DELETE CASCADE;

--
-- Constraints for table `craft_structureelements`
--
ALTER TABLE `craft_structureelements`
	ADD CONSTRAINT `craft_structureelements_elementId_fk` FOREIGN KEY (`elementId`) REFERENCES `craft_elements` (`id`) ON DELETE CASCADE,
	ADD CONSTRAINT `craft_structureelements_structureId_fk` FOREIGN KEY (`structureId`) REFERENCES `craft_structures` (`id`) ON DELETE CASCADE;

--
-- Constraints for table `craft_taggroups`
--
ALTER TABLE `craft_taggroups`
	ADD CONSTRAINT `craft_taggroups_fieldLayoutId_fk` FOREIGN KEY (`fieldLayoutId`) REFERENCES `craft_fieldlayouts` (`id`) ON DELETE SET NULL;

--
-- Constraints for table `craft_tags`
--
ALTER TABLE `craft_tags`
	ADD CONSTRAINT `craft_tags_groupId_fk` FOREIGN KEY (`groupId`) REFERENCES `craft_taggroups` (`id`) ON DELETE CASCADE,
	ADD CONSTRAINT `craft_tags_id_fk` FOREIGN KEY (`id`) REFERENCES `craft_elements` (`id`) ON DELETE CASCADE;

--
-- Constraints for table `craft_templatecachecriteria`
--
ALTER TABLE `craft_templatecachecriteria`
	ADD CONSTRAINT `craft_templatecachecriteria_cacheId_fk` FOREIGN KEY (`cacheId`) REFERENCES `craft_templatecaches` (`id`) ON DELETE CASCADE;

--
-- Constraints for table `craft_templatecacheelements`
--
ALTER TABLE `craft_templatecacheelements`
	ADD CONSTRAINT `craft_templatecacheelements_cacheId_fk` FOREIGN KEY (`cacheId`) REFERENCES `craft_templatecaches` (`id`) ON DELETE CASCADE,
	ADD CONSTRAINT `craft_templatecacheelements_elementId_fk` FOREIGN KEY (`elementId`) REFERENCES `craft_elements` (`id`) ON DELETE CASCADE;

--
-- Constraints for table `craft_templatecaches`
--
ALTER TABLE `craft_templatecaches`
	ADD CONSTRAINT `craft_templatecaches_locale_fk` FOREIGN KEY (`locale`) REFERENCES `craft_locales` (`locale`) ON DELETE CASCADE ON UPDATE CASCADE;

--
-- Constraints for table `craft_usergroups_users`
--
ALTER TABLE `craft_usergroups_users`
	ADD CONSTRAINT `craft_usergroups_users_groupId_fk` FOREIGN KEY (`groupId`) REFERENCES `craft_usergroups` (`id`) ON DELETE CASCADE,
	ADD CONSTRAINT `craft_usergroups_users_userId_fk` FOREIGN KEY (`userId`) REFERENCES `craft_users` (`id`) ON DELETE CASCADE;

--
-- Constraints for table `craft_userpermissions_usergroups`
--
ALTER TABLE `craft_userpermissions_usergroups`
	ADD CONSTRAINT `craft_userpermissions_usergroups_groupId_fk` FOREIGN KEY (`groupId`) REFERENCES `craft_usergroups` (`id`) ON DELETE CASCADE,
	ADD CONSTRAINT `craft_userpermissions_usergroups_permissionId_fk` FOREIGN KEY (`permissionId`) REFERENCES `craft_userpermissions` (`id`) ON DELETE CASCADE;

--
-- Constraints for table `craft_userpermissions_users`
--
ALTER TABLE `craft_userpermissions_users`
	ADD CONSTRAINT `craft_userpermissions_users_permissionId_fk` FOREIGN KEY (`permissionId`) REFERENCES `craft_userpermissions` (`id`) ON DELETE CASCADE,
	ADD CONSTRAINT `craft_userpermissions_users_userId_fk` FOREIGN KEY (`userId`) REFERENCES `craft_users` (`id`) ON DELETE CASCADE;

--
-- Constraints for table `craft_users`
--
ALTER TABLE `craft_users`
	ADD CONSTRAINT `craft_users_id_fk` FOREIGN KEY (`id`) REFERENCES `craft_elements` (`id`) ON DELETE CASCADE,
	ADD CONSTRAINT `craft_users_preferredLocale_fk` FOREIGN KEY (`preferredLocale`) REFERENCES `craft_locales` (`locale`) ON DELETE SET NULL ON UPDATE CASCADE;

--
-- Constraints for table `craft_widgets`
--
ALTER TABLE `craft_widgets`
	ADD CONSTRAINT `craft_widgets_userId_fk` FOREIGN KEY (`userId`) REFERENCES `craft_users` (`id`) ON DELETE CASCADE;

SET FOREIGN_KEY_CHECKS = 1;
